month,bias,n_hours
2024-03,-1.3720833333333333,400
2024-04,-1.2722453703703704,720
2024-05,-1.1341621863799285,744
2024-06,-1.3271064814814817,720
2024-07,-1.1989023297491037,744
2024-08,-1.1312499999999999,744
2024-09,-0.9575462962962962,720
2024-10,-0.907818100358423,744
2024-11,-1.0724919093851133,721
2024-12,-1.430981182795699,744
2025-01,-1.8465587044534413,741
2025-02,-1.4850446428571429,672
2025-03,-1.7337409420289855,736
2025-04,-1.341550925925926,720
2025-05,-0.9041778975741241,742
2025-06,-1.283912037037037,720
2025-07,-0.9271729390681002,744
2025-08,0.09645445134575566,644
2025-09,-0.12194818136522179,669
2025-10,0.048517520215633464,742
2025-11,-0.4703935185185185,720
2025-12,-0.4615143369175627,744
2026-01,-0.7646857923497268,732
2026-02,-1.1247238955823293,664
2026-03,-0.890209471766849,732
2026-04,-0.22509310986964612,716
2026-05,-0.002291105121293766,742
2026-06,-0.01290622098421518,718
2026-07,-0.09546271338724165,742
2026-08,-0.26377299237326146,743
2026-09,-0.3041666666666666,384
