hour_local,actual,MOS (ECMWF + station),Raw ECMWF,Raw ECMWF + climatology after day 11,Random forest (Lexie),Station-only linear (Burak),Ridge + alternative data (Sam),KNN analogs (Sam),"Baseline: same hour, prior years",Baseline: climatology (normal),Baseline: repeat last 24 h
2026-09-17 00:00:00-04:00,20.6,19.44924344466603,20.4,20.4,20.385220332383657,20.663191091992708,20.05835665822568,20.527275000000003,20.039024390243902,19.56056667310532,20.0
2026-09-17 01:00:00-04:00,20.0,19.26143390686641,19.9,19.9,20.269189989377345,20.512009781650864,19.39998029918612,20.171375,19.651219512195123,19.36604127669386,19.4
2026-09-17 02:00:00-04:00,18.9,19.179258600975192,19.6,19.6,20.0800955051421,20.07391271825462,19.008526627331825,19.85285,19.23048780487805,18.96360878209215,18.9
2026-09-17 03:00:00-04:00,18.3,19.074292070336572,19.3,19.3,19.89270926532105,19.432780199478294,18.88972136786831,19.5575,18.909756097560976,18.384617239168573,17.8
2026-09-17 04:00:00-04:00,17.8,18.980890398177632,19.0,19.0,19.643368357245187,18.83805850740429,19.056462840065592,19.3437,18.59268292682927,17.83495621322505,17.2
2026-09-17 05:00:00-04:00,17.8,18.91053852153281,18.7,18.7,19.640718334586264,18.608095932006304,19.491838178812365,19.262075,18.38536585365853,17.603535421207322,16.1
2026-09-17 06:00:00-04:00,17.2,18.871199764703924,18.4,18.4,19.605731517260462,18.992943286059507,20.173775332254667,19.443475,18.25,17.92809439440518,16.1
2026-09-17 07:00:00-04:00,19.4,19.062252804203936,18.3,18.3,19.89266661913974,20.06512659344721,21.06911744491412,20.001,19.01097560975609,18.885774091285512,17.2
2026-09-17 08:00:00-04:00,22.2,20.828698033654536,19.8,19.8,21.46312013053615,21.690665123521857,22.183388918873423,21.19595,20.94390243902439,20.360658479511386,20.6
2026-09-17 09:00:00-04:00,25.6,23.400762354464057,22.2,22.2,22.95664490211932,23.589333969784143,23.344204983571792,22.653825,22.82926829268292,22.09814105937589,22.8
2026-09-17 10:00:00-04:00,27.8,26.244220897762148,25.0,25.0,24.52889142288537,25.44728087170993,24.50888264009612,24.2226,24.607317073170734,23.81069112295992,25.6
2026-09-17 11:00:00-04:00,28.9,28.17324122741667,27.0,27.0,24.25233671724977,27.021856314175945,25.57544213310248,25.519275,25.92839506172839,25.276515701252528,26.7
2026-09-17 12:00:00-04:00,30.6,29.29052897850018,28.3,28.3,24.704977466311224,28.18961050333901,26.49135827189256,26.588275000000003,27.029629629629632,26.38343695575008,27.8
2026-09-17 13:00:00-04:00,31.1,30.008156891420604,29.3,29.3,24.689358874139312,28.92564492858824,27.13696219433179,27.10925,27.525925925925925,27.10693354169975,28.3
2026-09-17 14:00:00-04:00,32.8,30.64840880568377,30.3,30.3,24.690882839280924,29.243011073096724,27.530425655988395,27.415075,27.72560975609756,27.45104399898541,28.9
2026-09-17 15:00:00-04:00,33.3,30.864762851379957,30.9,30.9,24.698820568218657,29.14076383209181,27.62451179296919,27.420375,27.82439024390244,27.40004762053845,30.0
2026-09-17 16:00:00-04:00,33.3,30.697242482017327,31.1,31.1,24.72807357302967,28.59776287193663,27.43294982916843,27.0936,27.563414634146344,26.91685959582955,30.0
2026-09-17 17:00:00-04:00,32.8,30.272322426970824,31.0,31.0,25.3523864150822,27.61468944228891,26.956887562916165,26.367375,26.948780487804875,25.989321276938533,29.4
2026-09-17 18:00:00-04:00,31.1,29.4441431477512,30.4,30.4,24.751798964067188,26.27120497286693,26.18486564681719,25.088875,25.49634146341463,24.690235290404303,28.3
2026-09-17 19:00:00-04:00,28.9,27.17763384520098,28.1,28.1,23.26619397476624,24.751298946263624,25.19726138680273,23.6385,23.308536585365854,23.20358440398576,25.6
2026-09-17 20:00:00-04:00,28.3,25.356458621186714,26.2,26.2,22.5385078507883,23.306938868828563,24.117962462445256,22.606625,22.236585365853657,21.787022053075937,24.4
2026-09-17 21:00:00-04:00,27.2,24.794089378666705,25.6,25.6,21.878642991956635,22.16840146738536,23.033337797403338,21.98075,21.67439024390244,20.679527394581967,22.2
2026-09-17 22:00:00-04:00,26.7,24.29168836365909,25.0,25.0,20.6963765167837,21.44601511135489,21.92451774402667,21.3415,21.05365853658537,19.999826381650365,21.7
2026-09-17 23:00:00-04:00,26.1,23.689171688821126,24.3,24.3,20.471242046889166,21.07972512679104,20.929143572988536,20.91085,20.587804878048782,19.6929609142665,21.1
2026-09-18 00:00:00-04:00,26.1,23.071038989025464,23.6,23.6,20.420678613111143,20.70746145708253,19.97038863481249,20.464375,20.046913580246915,19.396791450184846,20.0
2026-09-18 01:00:00-04:00,26.1,22.78430053168335,23.3,23.3,20.2621468976062,20.423796334272797,19.313307712420716,20.0863,19.63456790123457,19.20036307874785,19.4
2026-09-18 02:00:00-04:00,25.6,22.608728992948784,23.1,23.1,20.06353201929229,19.930428939363857,18.924350830889704,19.7502,19.24691358024691,18.79566243040049,18.9
2026-09-18 03:00:00-04:00,24.4,22.46924788697218,22.9,22.9,19.870627310374683,19.27083073284429,18.79547877071589,19.44235,18.950617283950617,18.214674097010164,17.8
2026-09-18 04:00:00-04:00,24.4,22.37121519406316,22.7,22.7,19.619501238179847,18.6615877957622,18.967669064745017,19.228575,18.63703703703704,17.663574550703434,17.2
2026-09-18 05:00:00-04:00,23.9,22.1049527689932,22.3,22.3,19.616851215520928,18.39850376651672,19.402286657562133,19.12695,18.4,17.431357816109156,16.1
2026-09-18 06:00:00-04:00,23.3,21.99007538177758,22.0,22.0,19.55720598579942,18.72118646189225,20.088987721707365,19.308725,18.267901234567898,17.75598111473178,16.1
2026-09-18 07:00:00-04:00,23.3,22.025083355076887,21.8,21.8,19.832462273310664,19.70358203505057,20.98814852040261,19.896725,18.985185185185188,18.715148918204616,17.2
2026-09-18 08:00:00-04:00,25.0,23.07712627620265,22.6,22.6,21.900134516302952,21.222418163532527,22.09818808195189,21.146325,20.944444444444443,20.19370926372489,20.6
2026-09-18 09:00:00-04:00,28.3,25.7623080518636,25.1,25.1,23.34889815007772,23.013082382870643,23.24376568197896,22.628525,22.83086419753086,21.937529299603565,22.8
2026-09-18 10:00:00-04:00,31.1,28.638610712025603,27.9,27.9,24.763673377958845,24.777225053647197,24.40485104439741,24.22685,24.649382716049384,23.658697178953908,25.6
2026-09-18 11:00:00-04:00,32.8,30.798486135348757,30.1,30.1,24.85875563766903,26.283346419116647,25.468575989227556,25.558550000000004,25.996250000000003,25.133925311447243,26.7
2026-09-18 12:00:00-04:00,32.8,32.04174430620438,31.5,31.5,25.45018823359443,27.412428049220075,26.365530787487245,26.4731,27.04625,26.24872742619865,27.8
2026-09-18 13:00:00-04:00,34.4,32.67896396947543,32.4,32.4,25.492829254936183,28.1372235592327,27.014245771680397,27.02195,27.536249999999995,26.97627108451271,28.3
2026-09-18 14:00:00-04:00,34.4,33.03601933101682,33.1,33.1,25.4943532200778,28.463547989727736,27.40244853453578,27.285975,27.70493827160494,27.319251966399733,28.9
2026-09-18 15:00:00-04:00,33.3,33.05807844446291,33.5,33.5,25.51142335582441,28.38125024872479,27.51965245593569,27.359900000000003,27.81851851851852,27.262223241572393,30.0
2026-09-18 16:00:00-04:00,30.0,32.60335311208008,33.4,33.4,25.551593412102477,27.860876089386625,27.321775015775856,27.020875,27.575308641975308,26.769964593410847,30.0
2026-09-18 17:00:00-04:00,29.4,32.08666463449606,33.2,33.2,26.05454262846408,26.89765123934647,26.851986678969663,26.3971,26.95925925925925,25.833048982910395,29.4
2026-09-18 18:00:00-04:00,26.7,27.47107868136537,28.4,28.4,25.04956335470836,25.569359551653925,26.075502712618977,25.070550000000004,25.495061728395065,24.52678725627983,28.3
2026-09-18 19:00:00-04:00,26.1,26.217581570473307,27.2,27.2,23.55007980039573,24.06129270360841,25.0885010905957,23.525425,23.288888888888888,23.036504165929934,25.6
2026-09-18 20:00:00-04:00,25.6,23.85974648055797,24.7,24.7,22.786096293076813,22.62879772688186,24.01857401610341,22.481150000000003,22.22962962962963,21.619663586869994,24.4
2026-09-18 21:00:00-04:00,25.0,23.950423544139465,24.8,24.8,22.063323017806898,21.50625057865756,22.93436386602204,21.9005,21.66049382716049,20.513860609208987,22.2
2026-09-18 22:00:00-04:00,24.4,23.739419128556765,24.5,24.5,20.82839116669255,20.80750522526123,21.842037455637765,21.314100000000003,21.040740740740745,19.836050924326923,21.7
2026-09-18 23:00:00-04:00,24.4,23.141469657300284,23.8,23.8,20.51052366903941,20.47439863990042,20.838612041860657,20.867925,20.57283950617284,19.52995513692831,21.1
2026-09-19 00:00:00-04:00,23.9,22.650875756099254,23.4,23.4,20.40481794560213,20.1437429269529,19.87110013541717,20.367125,20.0175,19.232365875620907,20.0
2026-09-19 01:00:00-04:00,23.3,22.38182576357869,23.1,23.1,20.112815344706764,19.908169530517405,19.20326750118617,19.939375,19.595,19.03388551253946,19.4
2026-09-19 02:00:00-04:00,23.3,22.212175763035606,22.9,22.9,19.605110596715317,19.463578030001,18.80674672667747,19.61105,19.19625,18.626843551014463,18.9
2026-09-19 03:00:00-04:00,22.8,22.17344229980539,22.8,22.8,19.28346383735642,18.84682760809445,18.66856251010441,19.243575,18.905,18.043875480017434,17.8
2026-09-19 04:00:00-04:00,22.8,22.2761827798282,22.8,22.8,18.9343460058453,18.268173271227106,18.840966741935745,19.026075,18.61375,17.49140831202341,17.2
2026-09-19 05:00:00-04:00,21.7,22.32207259619428,22.7,22.7,18.573994926434075,18.01914127323393,19.2817116880813,18.9249,18.375,17.258464267249135,16.1
2026-09-19 06:00:00-04:00,22.2,22.425945263609435,22.6,22.6,18.53916841128256,18.338474766496294,19.958504981761585,19.081125,18.19125,17.58318009661916,16.1
2026-09-19 07:00:00-04:00,22.8,22.595362326758167,22.5,22.5,19.39196715162832,19.30305924641469,20.86459880626025,19.668550000000003,18.925,18.5438245548035,17.2
2026-09-19 08:00:00-04:00,23.9,23.190136662494854,22.8,22.8,22.05395704841687,20.79555105288079,21.98087773135414,20.966975,20.885,20.026041846179215,20.6
2026-09-19 09:00:00-04:00,26.7,23.85704918869401,23.2,23.2,23.641065739158407,22.55846903281388,23.1391270103241,22.547575,22.783749999999998,21.776206549001863,22.8
2026-09-19 10:00:00-04:00,27.8,25.192549923099357,24.4,24.4,25.448259641633435,24.29968420345002,24.30240730261461,24.207725,24.50125,23.50603000434367,25.6
2026-09-19 11:00:00-04:00,28.9,26.488909816715232,25.7,25.7,26.46758531679988,25.7913566726225,25.36555236552048,25.51315,25.84050632911392,24.99069387967873,26.7
2026-09-19 12:00:00-04:00,29.4,27.929230533032943,27.3,27.3,27.607772856144656,26.914965676429915,26.274847421588504,26.474975,26.86708860759493,26.113345182781643,27.8
2026-09-19 13:00:00-04:00,30.6,28.591635510929564,28.2,28.2,27.61099828646716,27.64117250814268,26.929616924309347,26.991875,27.370886075949365,26.844797991646477,28.3
2026-09-19 14:00:00-04:00,28.9,25.47236773201912,25.1,25.1,27.62236695438461,27.972485478607023,27.31870453115884,27.195525,27.5225,27.186413594347176,28.9
2026-09-19 15:00:00-04:00,31.1,27.41721838122673,27.5,27.5,27.61662009058533,27.89574768100212,27.44385470900704,27.31285,27.59375,27.123087441922912,30.0
2026-09-19 16:00:00-04:00,31.1,27.225826351793916,27.6,27.6,27.572756792813983,27.379826760004747,27.239684505641087,26.9881,27.3925,26.621566537137276,30.0
2026-09-19 17:00:00-04:00,30.0,26.85509068338363,27.5,27.5,27.710308423141612,26.419826804239733,26.7654372202018,26.3525,26.74125,25.67524391270686,29.4
2026-09-19 18:00:00-04:00,28.3,25.977415884843875,26.8,26.8,25.54490237045986,25.094503758413246,25.989367124518505,25.046825,25.265,24.361966369381474,28.3
2026-09-19 19:00:00-04:00,26.7,24.802514478548723,25.7,25.7,23.867679200418124,23.59046036751214,24.99303063294301,23.418675000000004,23.205,22.86834946541375,25.6
2026-09-19 20:00:00-04:00,26.1,23.87745424646233,24.8,24.8,23.21237076660473,22.164082555805116,23.91860060557917,22.3745,22.14,21.45155853286233,24.4
2026-09-19 21:00:00-04:00,25.6,23.034056890451783,23.9,23.9,22.362078306298777,21.05027987077218,22.823368347490213,21.726275,21.59875,20.347688053460978,22.2
2026-09-19 22:00:00-04:00,25.0,22.513909034286293,23.3,23.3,20.81677719882708,20.363025199250824,21.73463423121182,21.185975,20.9075,19.67185267089883,21.7
2026-09-19 23:00:00-04:00,23.9,22.09102841594018,22.8,22.8,20.34259611077728,20.044027963205448,20.7350275034705,20.772625,20.42,19.36645546476845,21.1
2026-09-20 00:00:00-04:00,23.3,21.333262115596412,22.1,22.1,20.21717353323844,19.729149550226484,19.767025996179417,20.26375,19.86075949367089,19.06735137651458,20.0
2026-09-20 01:00:00-04:00,22.2,20.94639404615724,21.7,21.7,19.59265597648821,19.511268721628586,19.09302200438153,19.822625,19.482278481012656,18.866673440474187,19.4
2026-09-20 02:00:00-04:00,21.7,20.65660713206417,21.4,21.4,18.98530705577831,19.08449755580071,18.69384540930421,19.47265,19.04683544303797,18.457221110778665,18.9
2026-09-20 03:00:00-04:00,20.6,20.69784260852634,21.4,21.4,18.6120289518411,18.4836880559654,18.556045970613248,19.101675000000004,18.76455696202532,17.872293318645564,17.8
2026-09-20 04:00:00-04:00,20.0,21.084683796652083,21.7,21.7,18.432542564830108,17.916887390888903,18.716946862085035,18.852975,18.483544303797466,17.31852973381863,17.2
2026-09-20 05:00:00-04:00,19.4,21.524828832861864,22.0,22.0,18.39284944367124,17.674009831043787,19.15679998322495,18.745625,18.22025316455696,17.084924187270218,16.1
2026-09-20 06:00:00-04:00,19.4,21.74587399546095,22.0,22.0,18.37053867191426,17.993556484218246,19.84334201712484,18.894875,18.063291139240505,17.409755447566717,16.1
2026-09-20 07:00:00-04:00,20.0,22.049914624268737,22.0,22.0,19.317678397636172,18.953852745374466,20.756021714150947,19.52645,18.73417721518988,18.371858524948934,17.2
2026-09-20 08:00:00-04:00,22.8,22.77969670436274,22.4,22.4,22.067038000230795,20.440272125541966,21.894366924119808,20.931175,20.69240506329114,19.85770684513684,20.6
2026-09-20 09:00:00-04:00,25.0,24.04336580480268,23.4,23.4,23.60389073915841,22.198311446831397,23.08193508215422,22.685625,22.54556962025316,21.614216412467627,22.8
2026-09-20 10:00:00-04:00,26.7,25.6696323838522,24.9,24.9,25.40946182458562,23.937895656206628,24.25894183094548,24.401025,24.234177215189877,23.352725684313064,25.6
2026-09-20 11:00:00-04:00,28.9,26.971115378107392,26.2,26.2,26.419836866881024,25.431526910865184,25.33806409429716,25.7444,25.50897435897436,24.84684911725812,26.7
2026-09-20 12:00:00-04:00,29.4,27.666619600207287,27.0,27.0,27.418928269828275,26.55931339449394,26.24462105665882,26.67275,26.510256410256407,25.977309158405024,27.8
2026-09-20 13:00:00-04:00,32.8,28.053603007516287,27.6,27.6,27.42215370015078,27.28961793114249,26.91165164566887,27.2446,27.066666666666663,26.712525556823856,28.3
2026-09-20 14:00:00-04:00,32.2,28.439352598266733,28.3,28.3,27.411156230502097,27.622899342638203,27.295223069001946,27.424125,27.229113924050637,27.052535880507065,28.9
2026-09-20 15:00:00-04:00,32.8,28.849638300853005,29.1,29.1,27.405409366702813,27.545181419329808,27.4275578350619,27.543050000000004,27.293670886075947,26.982648127668888,30.0
2026-09-20 16:00:00-04:00,32.8,29.29587803187975,30.0,30.0,27.24385760002876,27.02606123046267,27.219425471161127,27.19705,27.092405063291142,26.471679925031985,30.0
2026-09-20 17:00:00-04:00,31.7,29.196119227218414,30.3,30.3,27.57950906834558,26.06246773963144,26.740368982194145,26.5862,26.46708860759493,25.515931464230672,29.4
2026-09-20 18:00:00-04:00,30.0,28.102564590828774,29.4,29.4,25.52753378071627,24.73514239713182,25.95344218838094,25.23795,25.015189873417725,24.19581042248265,28.3
2026-09-20 19:00:00-04:00,27.8,26.57821174941009,27.9,27.9,23.84267577428337,23.231931898191263,24.93485456691356,23.483875,23.068354430379745,22.699168882721988,25.6
2026-09-20 20:00:00-04:00,27.2,25.320539553499668,26.6,26.6,23.22828589962164,21.80930457290192,23.85278388946441,22.3924,21.97594936708861,21.282762568546396,24.4
2026-09-20 21:00:00-04:00,26.1,24.68171584303564,25.9,25.9,22.301780048651707,20.70130091791193,22.74541130643232,21.681375,21.41518987341772,20.18106854618689,22.2
2026-09-20 22:00:00-04:00,25.6,24.305575324999825,25.4,25.4,20.77517504453337,20.020704502821253,21.661979435868133,21.130575,20.75696202531645,19.50729106180529,21.7
2026-09-20 23:00:00-04:00,25.0,24.04763153468772,25.0,25.0,20.368861039968888,19.70835102745032,20.66553557581898,20.6916,20.241772151898736,19.20252163620996,21.1
2026-09-21 00:00:00-04:00,24.4,23.42360400160568,24.5,24.5,20.14370342897865,19.399288478269742,19.704113904319133,20.1868,19.714102564102568,18.90180651388125,20.0
2026-09-21 01:00:00-04:00,24.4,23.00649321665124,24.0,24.0,19.42451383405905,19.187434010848868,19.03117960153227,19.744550000000004,19.347435897435897,18.698789132900657,19.4
2026-09-21 02:00:00-04:00,23.9,22.64761192048584,23.6,23.6,18.69056365906446,18.766662071878,18.62750005358339,19.4007,18.95,18.286861663276014,18.9
2026-09-21 03:00:00-04:00,23.3,22.385549692616195,23.3,23.3,18.397590434127416,18.171516486245103,18.489315837010324,19.027275000000003,18.648717948717948,17.699997188049327,17.8
2026-09-21 04:00:00-04:00,23.3,22.34674690275648,23.2,23.2,18.21971061372912,17.609327425782567,18.648506776873777,18.785125,18.39358974358974,17.145008681112607,17.2
2026-09-21 05:00:00-04:00,22.2,22.372087652527,23.1,23.1,18.196540389332604,17.369341372118598,19.08284371449728,18.6295,18.07692307692308,16.910804595932724,16.1
2026-09-21 06:00:00-04:00,22.8,22.49505953131677,23.0,23.0,18.196540389332604,17.690023505937813,19.7637105346354,18.78885,17.925641025641024,17.23576889237913,16.1
2026-09-21 07:00:00-04:00,23.3,22.821319529196906,23.0,23.0,19.323663088317304,18.65059020566436,20.675667695926464,19.433175,18.59871794871795,18.199305989705042,17.2
2026-09-21 08:00:00-04:00,25.0,23.759377143327853,23.6,23.6,22.048332834723738,20.137972879340225,21.822907445715416,20.92332500000001,20.58076923076923,19.688752486469298,20.6
2026-09-21 09:00:00-04:00,27.2,25.570621654406636,25.2,25.2,23.587567538165853,21.89914049015783,23.04210250581377,22.8433,22.39358974358974,21.45159997906373,22.8
2026-09-21 10:00:00-04:00,29.4,27.811151921445333,27.4,27.4,25.454225012440077,23.64454162263357,24.229739560805022,24.5753,24.038461538461537,23.19881758943838,25.6
2026-09-21 11:00:00-04:00,31.1,29.551148590579007,29.2,29.2,26.47035184347228,25.14577707791059,25.319642628781207,25.900675000000003,25.287012987012982,24.70241583767674,26.7
2026-09-21 12:00:00-04:00,32.2,30.684421417489997,30.5,30.5,27.48725358974706,26.280860982759112,26.23486135940072,26.810575000000004,26.307792207792204,25.84063534321985,27.8
2026-09-21 13:00:00-04:00,33.9,31.311068331589,31.4,31.4,27.47542334439389,27.0157580890537,26.90530314341149,27.387775,26.827272727272724,26.57946230828547,28.3
2026-09-21 14:00:00-04:00,34.4,31.04246663371611,31.4,31.4,27.478431677727222,27.3493495763283,27.2903399369561,27.58425,27.00897435897436,26.917623441680558,28.9
2026-09-21 15:00:00-04:00,34.4,29.36276525777103,29.8,29.8,27.472684813927945,27.26769082587849,27.414183774838115,27.65065,27.066666666666663,26.840911290584422,30.0
2026-09-21 16:00:00-04:00,33.3,26.869536876190377,27.2,27.2,27.273788524703612,26.742059943440765,27.20498172192632,27.357650000000003,26.85641025641026,26.32031770224443,30.0
2026-09-21 17:00:00-04:00,31.1,24.824498424178252,25.1,25.1,27.61491143731541,25.77198066785671,26.72535233204659,26.81275,26.214102564102564,25.35513557701647,29.4
2026-09-21 18:00:00-04:00,25.6,23.59761391362937,24.0,24.0,25.45264857327135,24.440565928700867,25.93222444358805,25.47495,24.770512820512824,24.028355521522904,28.3
2026-09-21 19:00:00-04:00,23.9,22.868059624373604,23.5,23.5,23.84103037825498,22.936844591372825,24.904057371171664,23.659475,22.8448717948718,22.529008840111974,25.6
2026-09-21 20:00:00-04:00,22.2,22.367322219180828,23.2,23.2,23.22828589962164,21.5169436278469,23.822512574606087,22.5457,21.766666666666666,21.11332867957727,24.4
2026-09-21 21:00:00-04:00,21.7,21.977685411506613,22.9,22.9,22.307030623364355,20.413444766027723,22.71658264863257,21.83895,21.198717948717945,20.014057813305662,22.2
2026-09-21 22:00:00-04:00,22.8,21.858571401330646,22.8,22.8,20.718989741274957,19.737418872090508,21.624482630178218,21.264475,20.566666666666663,19.342422298207726,21.7
2026-09-21 23:00:00-04:00,22.2,21.883963630648022,22.8,22.8,20.336921001861985,19.42855953628203,20.622296194682725,20.76655,20.06410256410257,19.038210260377205,21.1
2026-09-22 00:00:00-04:00,21.7,21.47228075298928,22.6,22.6,20.163051137468987,19.12123223505936,19.660259783975825,20.260525,19.594805194805197,18.735786952201863,20.0
2026-09-22 01:00:00-04:00,21.1,21.382093842010992,22.5,22.5,19.37843804130172,18.91067711162693,18.989596523875484,19.772675,19.166233766233766,18.53029223095191,19.4
2026-09-22 02:00:00-04:00,21.1,21.356467384685285,22.5,22.5,18.622403956213244,18.491174391820596,18.588751524102825,19.4257,18.827272727272728,18.115829304339538,18.9
2026-09-22 03:00:00-04:00,20.6,21.249463048653105,22.4,22.4,18.38554279898909,17.89758973359555,18.44928368071653,19.033825,18.50779220779221,17.52705426025357,17.8
2026-09-22 04:00:00-04:00,20.6,21.18598438662375,22.3,22.3,18.10869213125792,17.337058521079292,18.61330589296748,18.77585,18.3,16.97091260315095,17.2
2026-09-22 05:00:00-04:00,20.6,21.297712808501142,22.3,22.3,18.085521906861405,17.09847048149264,19.05256029842308,18.637550000000005,17.955844155844158,16.7361700862753,16.1
2026-09-22 06:00:00-04:00,20.6,21.20311811704518,21.9,21.9,18.05759590111428,17.420308165109354,19.728136682681548,18.7584,17.825974025974027,17.06127975300241,16.1
2026-09-22 07:00:00-04:00,21.1,21.769860923629004,22.1,22.1,19.335648957070216,18.38248016668695,20.6326419612111,19.4256,18.49870129870129,18.02621974007171,17.2
2026-09-22 08:00:00-04:00,21.7,22.526664949263147,22.4,22.4,21.80388800998875,19.87307162488033,21.78093256625104,21.06035,20.42857142857143,19.519224606202307,20.6
2026-09-22 09:00:00-04:00,22.8,23.705951825569056,23.2,23.2,23.285585678918927,21.639991402286505,22.98382275068079,22.990025000000003,22.163636363636364,21.28839583209932,22.8
2026-09-22 10:00:00-04:00,22.8,25.11606276697621,24.4,24.4,24.84682769634206,23.393650634836924,24.1581056729257,24.603625,23.82207792207792,23.04433639422669,25.6
2026-09-22 11:00:00-04:00,25.6,26.521346561107755,25.8,25.8,25.633277595101628,24.90426795135019,25.25497939131143,25.933375,25.08,24.557415987620672,26.7
2026-09-22 12:00:00-04:00,25.6,27.655627043834105,27.1,27.1,25.92314936273219,26.047461917330896,26.15589940881061,26.76775,26.01842105263157,25.703336832472385,27.8
2026-09-22 13:00:00-04:00,26.7,28.29369753351809,28.0,28.0,25.9330185712264,26.78673946068034,26.827964948985112,27.323625,26.55,26.44561407427387,28.3
2026-09-22 14:00:00-04:00,28.3,28.396183260276985,28.4,28.4,25.96416662866052,27.119587966106938,27.18610418526725,27.42565,26.7025974025974,26.781678591453964,28.9
2026-09-22 15:00:00-04:00,27.8,27.70214173712534,27.9,27.9,25.96976399302915,27.03245451317308,27.332387276071792,27.608675,26.794805194805196,26.697881086619113,30.0
2026-09-22 16:00:00-04:00,27.2,26.57466454519928,26.9,26.9,25.80536759247027,26.498713868960188,27.12927495188231,27.356975,26.59090909090909,26.167491326647045,30.0
2026-09-22 17:00:00-04:00,23.3,25.118981575427423,25.5,25.5,26.201682020243076,25.52082011409787,26.639737147244475,26.780175000000003,25.94155844155844,25.192878774050342,29.4
2026-09-22 18:00:00-04:00,21.1,23.5778981670885,24.0,24.0,24.358743283530217,24.18441062260656,25.84244406376732,25.503125,24.494805194805195,23.85963609968082,28.3
2026-09-22 19:00:00-04:00,20.6,22.19898261109037,22.7,22.7,23.154158045864147,22.679634494417048,24.814831702796788,23.689175,22.5948051948052,22.35791359205999,25.6
2026-09-22 20:00:00-04:00,20.0,21.25060540447032,21.9,21.9,22.82876285033775,21.26204826829258,23.744722884906192,22.604550000000003,21.58051948051948,20.943307135361664,24.4
2026-09-22 21:00:00-04:00,19.4,20.63621979525063,21.4,21.4,22.07464136664332,20.162484147204324,22.64366577823317,21.857875,21.006493506493506,19.846708458385475,22.2
2026-09-22 22:00:00-04:00,18.9,20.366606834524926,21.2,21.2,20.6919115317986,19.490066516635405,21.547558950712386,21.2401,20.44415584415584,19.177299313332796,21.7
2026-09-22 23:00:00-04:00,18.3,20.24815866837688,21.1,21.1,20.35296747922769,19.18325541793063,20.54215318915857,20.74425,19.966233766233763,18.873574789411162,21.1
2026-09-23 00:00:00-04:00,18.3,20.062258684401467,21.2,21.2,16.297980287040915,18.875861221130094,19.578775979683996,20.222,19.530263157894737,18.56934543922787,20.0
2026-09-23 01:00:00-04:00,17.8,20.09186555368996,21.3,21.3,15.870893420156996,18.664549015542725,18.91593757039272,19.72275,19.097368421052632,18.36123971898259,19.4
2026-09-23 02:00:00-04:00,17.2,20.017412393840296,21.3,21.3,15.716187464241472,18.24431167531909,18.512604531426664,19.329475,18.782894736842103,17.944185636643574,18.9
2026-09-23 03:00:00-04:00,16.7,19.94556835007371,21.3,21.3,15.587763328512516,17.650572119486398,18.372834183295996,18.925825,18.43026315789474,17.353529265080926,17.8
2026-09-23 04:00:00-04:00,16.1,19.84914079324614,21.2,21.2,15.599770971525045,17.0904358487008,18.54442968394768,18.678425,18.239473684210527,16.79630649779342,17.2
2026-09-23 05:00:00-04:00,16.1,19.95256568364733,21.2,21.2,15.608351233605308,16.85251369375778,18.98459474816896,18.561975,17.906578947368423,16.561082799167416,16.1
2026-09-23 06:00:00-04:00,16.1,20.31393793894257,21.3,21.3,15.608351233605308,17.175303040468616,19.65301235898724,18.689075,17.797368421052635,16.886344936589058,16.1
2026-09-23 07:00:00-04:00,15.6,20.877000332606244,21.4,21.4,15.402902811263855,18.13933536145533,20.560425020493756,19.369625,18.41184210526316,17.852650197876994,17.2
2026-09-23 08:00:00-04:00,15.6,21.814750277480726,21.8,21.8,16.75665610091777,19.63372353868079,21.68451853737146,21.0179,20.307894736842105,19.349166661356175,20.6
2026-09-23 09:00:00-04:00,16.1,23.00758968869784,22.5,22.5,18.982528177693467,21.40714222926932,22.87269850951105,23.004625,21.99605263157894,21.124640067930876,22.8
2026-09-23 10:00:00-04:00,16.1,24.323721363692503,23.5,23.5,20.818234158491464,23.16976032706867,24.038978716941507,24.56,23.603947368421053,22.889310105003243,25.6
2026-09-23 11:00:00-04:00,16.7,25.525567477558027,24.6,24.6,21.64245443198588,24.690213958006325,25.118906652768167,25.7688,24.81333333333333,24.411868687932945,26.7
2026-09-23 12:00:00-04:00,16.7,26.43612807031338,25.6,25.6,22.27442334582104,25.84158020384289,26.015963979993103,26.6112,25.72368421052631,25.56542388458621,27.8
2026-09-23 13:00:00-04:00,17.2,26.99914376261496,26.4,26.4,22.696732320524752,26.584864197733225,26.68848803936661,27.155075,26.30263157894737,26.310984058535233,28.3
2026-09-23 14:00:00-04:00,17.2,27.111384070284892,26.8,26.8,22.885199772782613,26.916238741116707,27.07249341279948,27.3359,26.44078947368421,26.64470142720079,28.9
2026-09-23 15:00:00-04:00,16.7,26.609110734458326,26.5,26.5,22.97983758876656,26.82272302165184,27.20672237410548,27.463675,26.54736842105263,26.55355992284145,30.0
2026-09-23 16:00:00-04:00,16.7,25.67253632761785,25.7,25.7,23.03840540957297,26.28000676751486,27.00505206268142,27.225150000000003,26.310526315789478,26.013210842212985,30.0
2026-09-23 17:00:00-04:00,16.1,24.52687804083841,24.7,24.7,23.331683028797308,25.293648941505754,26.51070505451589,26.6057,25.63157894736842,25.029182211213254,29.4
2026-09-23 18:00:00-04:00,16.1,23.326498635603595,23.7,23.7,21.887609316883115,23.951876709905527,25.722520448661022,25.359875,24.196052631578947,23.6896849395491,28.3
2026-09-23 19:00:00-04:00,16.1,22.123485178229917,22.7,22.7,18.44761219656532,22.445895647481425,24.712838008109145,23.655775,22.38684210526316,22.185925224557423,25.6
2026-09-23 20:00:00-04:00,16.1,21.256301807578406,22.1,22.1,17.128588038006008,21.03053350649001,23.658920328466568,22.618375,21.409210526315785,20.772745474751694,24.4
2026-09-23 21:00:00-04:00,16.1,20.666973229702045,21.7,21.7,16.59370251203627,19.93469246403557,22.55870716316781,21.858975,20.835526315789476,19.679069944098988,22.2
2026-09-23 22:00:00-04:00,16.7,20.37053419661223,21.5,21.5,16.50163577523538,19.265424363179854,21.45541574743527,21.210975,20.352631578947364,19.011971754942593,21.7
2026-09-23 23:00:00-04:00,16.7,20.32171208602279,21.5,21.5,16.276689326694015,18.959930732869697,20.447841515074124,20.70105,19.894736842105264,18.708665501638624,21.1
2026-09-24 00:00:00-04:00,16.1,19.980103506537333,21.4,21.4,15.820398568785476,18.65159194893412,19.477186986983902,20.168775,19.42933333333333,18.402531796039227,20.0
2026-09-24 01:00:00-04:00,16.1,19.99530022642052,21.5,21.5,14.853359813947552,18.438536590651317,18.814552256469582,19.666325,19.005333333333336,18.191685906616797,19.4
2026-09-24 02:00:00-04:00,16.1,19.89564995695206,21.5,21.5,14.422941606788662,18.016650268265277,18.410149528492504,19.212775,18.7,17.77198974340494,18.9
2026-09-24 03:00:00-04:00,15.6,19.710362931506275,21.4,21.4,14.444082129768656,17.422002245617893,18.27964668822948,18.836475,18.357333333333333,17.17948445987117,17.8
2026-09-24 04:00:00-04:00,15.6,19.579971836303795,21.3,21.3,14.344253806019733,16.861700801393575,18.447009632177977,18.575075,18.186666666666667,16.621252884485756,17.2
2026-09-24 05:00:00-04:00,15.0,19.592441591386457,21.2,21.2,14.385065392892216,16.624069859990307,18.88797398924191,18.4523,17.878666666666668,16.38560240624409,16.1
2026-09-24 06:00:00-04:00,15.0,19.82805013181009,21.1,21.1,14.469612155025704,16.94759908315028,19.56297747258764,18.617425,17.774666666666665,16.711018931749635,16.1
2026-09-24 07:00:00-04:00,15.0,20.45150159968865,21.2,21.2,15.195356073322351,17.913421789333476,20.471629112375773,19.3577,18.35466666666667,17.678645424754322,17.2
2026-09-24 08:00:00-04:00,15.0,21.39961439097439,21.5,21.5,16.79771109534235,19.41165539095624,21.58325786418732,21.035825,20.154666666666667,19.17861974899755,20.6
2026-09-24 09:00:00-04:00,15.0,22.60366017367443,22.1,22.1,19.17639124621585,21.191698013596557,22.74409077321832,22.850900000000003,21.80133333333333,20.960366323392257,22.8
2026-09-24 10:00:00-04:00,15.0,23.91065556569055,23.0,23.0,21.26977705519361,22.96340242238381,23.90084798806593,24.364325,23.37066666666666,22.73376409704433,25.6
2026-09-24 11:00:00-04:00,15.6,25.080088281187823,24.0,24.0,22.99457978279512,24.49372517002947,24.964639048908275,25.449175000000004,24.554054054054053,24.26579028439415,26.7
2026-09-24 12:00:00-04:00,16.1,26.00512293981852,25.0,25.0,23.74943589793128,25.65311382579336,25.85898629230088,26.299550000000004,25.459999999999997,25.426903989307093,27.8
2026-09-24 13:00:00-04:00,16.7,26.503943034990545,25.7,25.7,24.17960023986208,26.400034782099222,26.54501041624521,26.9072,26.022666666666662,26.175572925624905,28.3
2026-09-24 14:00:00-04:00,17.2,26.616687984563285,26.1,26.1,24.26354218177721,26.72938831359332,26.92497135600553,27.097,26.23733333333333,26.506689926177984,28.9
2026-09-24 15:00:00-04:00,17.8,26.195892626372867,25.9,25.9,24.30979618558832,26.628880823369567,27.06763633793262,27.28055,26.326666666666668,26.407948552599464,30.0
2026-09-24 16:00:00-04:00,17.8,25.460907049311277,25.4,25.4,24.27436064822351,26.07666247865438,26.87443113991493,27.016625,26.098666666666663,25.857484959963028,30.0
2026-09-24 17:00:00-04:00,16.7,24.431729442565388,24.6,24.6,24.029507415079507,25.08151112270373,26.383788436071452,26.451225,25.418666666666663,24.86406573419702,29.4
2026-09-24 18:00:00-04:00,16.7,23.26235528145851,23.7,23.7,22.474634495771483,23.73427494249114,25.60177583207664,25.251775,23.948,23.518533203328403,28.3
2026-09-24 19:00:00-04:00,16.1,22.13909204809312,22.9,22.9,19.70150519736489,22.22714988571078,24.58763508718481,23.551675000000003,22.124,22.013083663428336,25.6
2026-09-24 20:00:00-04:00,16.1,21.16127138699725,22.2,22.2,18.17518817536628,20.814101830751543,23.541354135320663,22.54505,21.162666666666663,20.60168850184388,24.4
2026-09-24 21:00:00-04:00,15.6,20.348328849290837,21.5,21.5,17.624983507142698,19.72196340683559,22.430940090235627,21.747775,20.602666666666668,19.511188584561467,22.2
2026-09-24 22:00:00-04:00,15.6,19.76600875390676,20.9,20.9,17.53770703430113,19.055628740003907,21.333390605656263,21.105325,20.14933333333333,18.84648597893125,21.7
2026-09-24 23:00:00-04:00,15.6,19.2853308749772,20.3,20.3,17.19020847379737,18.751041723299267,20.335621571880885,20.6064,19.656,18.543529495589098,21.1
2026-09-25 00:00:00-04:00,15.0,18.68802520351945,19.7,19.7,17.168761515174985,18.44127594354836,19.37333371287716,20.060525,19.184,18.235392917325242,20.0
2026-09-25 01:00:00-04:00,14.4,18.25587918028582,19.2,19.2,16.45803655755759,18.22594236656541,18.71845647148733,19.55785,18.748,18.021682420393866,19.4
2026-09-25 02:00:00-04:00,13.9,17.837706216201926,18.8,18.8,16.063262919348837,17.801949772248275,18.31386562047962,19.143575,18.432,17.59929817119838,18.9
2026-09-25 03:00:00-04:00,12.8,17.485803089196366,18.5,18.5,15.870641485139068,17.2060478366118,18.190295806020018,18.782775,18.090666666666667,17.004979608001328,17.8
2026-09-25 04:00:00-04:00,12.2,17.216347214191543,18.2,18.2,15.671608342382443,16.64533087560723,18.349216349715103,18.491675,17.964,16.445811785806885,17.2
2026-09-25 05:00:00-04:00,11.1,17.128362450207625,17.9,17.9,15.645498127809214,16.407796268958244,18.78787203948639,18.3645,17.69466666666667,16.209786101189913,16.1
2026-09-25 06:00:00-04:00,10.6,17.43406811133134,17.8,17.8,15.627818520531246,16.731896558734736,19.469002876160555,18.572650000000003,17.524,16.535353812924935,16.1
2026-09-25 07:00:00-04:00,11.1,18.147341440795397,17.9,17.9,15.58067107174187,17.699364318298656,20.375571596292804,19.344375,18.102666666666668,17.504251139112533,17.2
2026-09-25 08:00:00-04:00,13.3,19.25367705296878,18.3,18.3,17.57249042199974,19.201336482912915,21.472818717553128,20.9327,19.917333333333332,19.007622633395357,20.6
2026-09-25 09:00:00-04:00,15.0,20.601274045041787,19.0,19.0,20.53150585118614,20.98794080264888,22.64966029131279,22.79015,21.682666666666663,20.795605811737637,22.8
2026-09-25 10:00:00-04:00,16.1,22.086517649627385,20.1,20.1,22.88786872246885,22.76868804014179,23.80518878690404,24.289900000000003,23.29733333333333,22.577721160825796,25.6
2026-09-25 11:00:00-04:00,18.3,23.47269838321236,21.4,21.4,24.943262702942903,24.30879623194616,24.854794872046632,25.302725,24.539189189189187,24.119194408164574,26.7
2026-09-25 12:00:00-04:00,19.4,24.59649059460386,22.7,22.7,25.757369117148368,25.476017438300104,25.76140320172844,26.1936,25.45333333333333,25.287781945712354,27.8
2026-09-25 13:00:00-04:00,21.1,25.291125181502508,23.7,23.7,26.05584758788048,26.226246208529368,26.437701298606136,26.776275,26.022666666666662,26.039378895774643,28.3
2026-09-25 14:00:00-04:00,21.7,25.477957900499693,24.2,24.2,26.146614871149595,26.55313998705052,26.837703526933115,27.024050000000003,26.296,26.36764005044488,28.9
2026-09-25 15:00:00-04:00,22.2,25.14173537008745,24.1,24.1,26.166645510239185,26.445184182970088,26.94780211746829,27.074675,26.334666666666667,26.261046178627687,30.0
2026-09-25 16:00:00-04:00,22.8,24.481860805754646,23.7,23.7,26.143691631924657,25.8831077345184,26.7475298145712,26.851025,26.112,25.700321146245884,30.0
2026-09-25 17:00:00-04:00,22.2,23.51473983234424,23.0,23.0,25.612010959702477,24.878997691382057,26.25420547538753,26.2208,25.380000000000003,24.697547942717698,29.4
2026-09-25 18:00:00-04:00,21.1,22.33306000714696,22.1,22.1,23.184494895380013,23.526340032141785,25.48399479418976,25.045475,23.805333333333333,23.34621047093168,28.3
2026-09-25 19:00:00-04:00,18.3,21.174107553912595,21.3,21.3,20.2484451269876,22.018252511018957,24.47438609495477,23.341975,22.02133333333333,21.839426691613177,25.6
2026-09-25 20:00:00-04:00,16.7,20.147351091434032,20.6,20.6,18.661666507506386,20.60771471145577,23.435675153477643,22.4161,21.066666666666663,20.430178291855597,24.4
2026-09-25 21:00:00-04:00,14.4,19.28823580119253,19.9,19.9,18.035240494333557,19.519365804464783,22.3169803721051,21.53885,20.433333333333334,19.34310754852756,22.2
2026-09-25 22:00:00-04:00,13.3,18.607024314001173,19.2,19.2,18.140965815297264,18.855873386542207,21.22185156503456,20.891975,19.988,18.680885054015647,21.7
2026-09-25 23:00:00-04:00,12.2,17.973136546196354,18.4,18.4,17.82734469028461,18.551935461912137,20.22619126568664,20.442925,19.494666666666664,18.378210694822023,21.1
2026-09-26 00:00:00-04:00,11.7,17.442297017577513,17.8,17.8,17.555686545880192,18.24044019739397,19.280295141640032,19.968824999999995,18.990666666666662,18.067972781828438,20.0
2026-09-26 01:00:00-04:00,10.6,16.944716257610416,17.2,17.2,16.910897327204086,18.0224961741349,18.63155163321097,19.509875,18.518666666666668,17.851278204971155,19.4
2026-09-26 02:00:00-04:00,10.0,16.443016437346504,16.7,16.7,16.29166079263812,17.596144448885152,18.229222429466738,19.075925,18.196,17.426164921863972,18.9
2026-09-26 03:00:00-04:00,9.4,15.998219289700414,16.3,16.3,16.09544353357129,16.998827753151453,18.11258564081055,18.69095,17.846666666666668,16.830071966190157,17.8
2026-09-26 04:00:00-04:00,11.1,15.715416771811269,16.0,16.0,15.883900000757173,16.43759080615726,18.27049295386077,18.3878,17.697333333333333,16.27004071756246,17.2
2026-09-26 05:00:00-04:00,9.4,15.715625389769444,15.8,15.8,15.855523119517278,16.200053166125567,18.709374391268828,18.268825,17.412000000000003,16.033688599315663,16.1
2026-09-26 06:00:00-04:00,10.6,16.095074305113275,15.7,15.7,15.896042667763586,16.524598881396063,19.395954694068,18.499025000000003,17.264,16.359399252789895,16.1
2026-09-26 07:00:00-04:00,13.3,16.873891458561094,15.7,15.7,15.921107576665976,17.493564610114667,20.289689426998297,19.30755,17.854666666666667,17.329510740983963,17.2
2026-09-26 08:00:00-04:00,15.6,18.11789186398433,16.1,16.1,17.73371093783644,18.999136203909806,21.381974431894907,20.883275,19.67333333333333,18.83621178115055,20.6
2026-09-26 09:00:00-04:00,18.9,19.644892675844723,16.9,16.9,20.61642479577704,20.79219500182784,22.547475617847244,22.67725,21.43733333333333,20.6303873669567,22.8
2026-09-26 10:00:00-04:00,21.1,21.261310700517974,18.1,18.1,22.960308736471937,22.581901424479497,23.69326563224413,24.1021,23.06,22.421201557231267,25.6
2026-09-26 11:00:00-04:00,22.8,22.780710970595923,19.6,19.6,24.77667587867303,24.131690276301917,24.74487542260955,25.14335,24.332432432432427,23.972092045702844,26.7
2026-09-26 12:00:00-04:00,23.3,23.949634913516437,21.0,21.0,25.742893489969727,25.30656102225368,25.64582427067102,25.975975,25.247999999999998,25.14805994985805,27.8
2026-09-26 13:00:00-04:00,25.0,24.67946720545141,22.1,22.1,26.08496461727613,26.059805972877676,26.315469777629858,26.601525,25.85333333333333,25.90239784905114,28.3
2026-09-26 14:00:00-04:00,25.6,24.911146182023025,22.7,22.7,26.12542346927684,26.383866163844697,26.6909982278218,26.830125,26.096,26.227545860306407,28.9
2026-09-26 15:00:00-04:00,26.7,24.590108524003057,22.6,22.6,26.118171889938303,26.26808982619906,26.81485715355208,26.8768,26.142666666666667,26.11285056380445,30.0
2026-09-26 16:00:00-04:00,26.7,23.930212079340755,22.2,22.2,26.11938794687371,25.695892529214653,26.61545788481454,26.6228,25.89333333333333,25.541725718092557,30.0
2026-09-26 17:00:00-04:00,26.1,22.90288408357558,21.4,21.4,25.641752101409985,24.68275065084984,26.11397029267571,25.9084,25.136,24.529646261827775,29.4
2026-09-26 18:00:00-04:00,24.4,21.72698293652336,20.6,20.6,23.01500951101567,23.32479749204336,25.35124433293651,24.7644,23.517333333333333,23.172744785865873,28.3
2026-09-26 19:00:00-04:00,21.7,20.45278059829661,19.7,19.7,20.262967371811943,21.81600160928434,24.354475781226743,23.171075,21.75333333333333,21.664989975335995,25.6
2026-09-26 20:00:00-04:00,20.0,19.340433490972995,19.0,19.0,18.69765840644206,20.408234553628542,23.3238607310202,22.35425,20.83733333333333,20.258254207021327,24.4
2026-09-26 21:00:00-04:00,16.1,18.460959043274908,18.4,18.4,18.171356526624603,19.323824523945422,22.218684847978523,21.548575,20.189333333333337,19.174866873390947,22.2
2026-09-26 22:00:00-04:00,16.1,17.797438246339233,17.8,17.8,18.37286623018797,18.663151170903557,21.1222717698016,20.828825,19.773333333333326,18.51520877745597,21.7
2026-09-26 23:00:00-04:00,14.4,17.229113276193214,17.1,17.1,18.11635326322575,18.359683696902927,20.124943065758337,20.345275,19.294666666666664,18.212749863495976,21.1
2026-09-27 00:00:00-04:00,14.4,16.83869401531629,16.5,16.5,17.70404355038119,18.046244341642623,19.176470520188488,19.828800000000005,18.804,17.900312472862694,20.0
2026-09-27 01:00:00-04:00,13.9,16.405412244949055,16.0,16.0,17.081943764473912,17.825456607647396,18.5429816764702,19.438975,18.364,17.680519533815595,19.4
2026-09-27 02:00:00-04:00,12.8,15.94352268855121,15.6,15.6,16.408980423162905,17.39659199497715,18.14424476683184,19.0313,17.997333333333337,17.252641453458015,18.9
2026-09-27 03:00:00-04:00,13.9,15.42643114373817,15.1,15.1,16.194792203130227,16.79778986631927,18.02760797817566,18.636625,17.677333333333337,16.654816280545553,17.8
2026-09-27 04:00:00-04:00,13.9,15.073769311580984,14.7,14.7,15.970979201204113,16.23600207683666,18.19717766183078,18.36695,17.544,16.093994687371552,17.2
2026-09-27 05:00:00-04:00,13.3,14.99740196357614,14.3,14.3,15.911227106620933,15.998414838321422,18.63779486561873,18.23325,17.264,15.857362145347604,16.1
2026-09-27 06:00:00-04:00,13.3,15.407775131769313,14.1,14.1,15.877402499342963,16.323312144294192,19.31847420701937,18.50275,17.101333333333336,16.18320254257808,16.1
2026-09-27 07:00:00-04:00,13.9,16.286261607125056,14.0,14.0,15.782559757969072,17.293642899856607,20.20966750109479,19.319075,17.642666666666663,17.15446534461396,17.2
2026-09-27 08:00:00-04:00,16.7,18.792796471186435,,18.664421404147085,17.780860617643558,18.80267686052848,21.283660258620618,20.81735,19.37466666666667,18.664421404147085,20.6
2026-09-27 09:00:00-04:00,20.0,20.592227848329745,,20.4647374962979,20.58199374859877,20.60207941465545,22.4312603547166,22.5325,21.125333333333334,20.4647374962979,22.8
2026-09-27 10:00:00-04:00,21.7,22.39083663163404,,22.26422308153875,22.88366614951683,22.400658642609876,23.56135537467059,23.900425,22.74,22.26422308153875,25.6
2026-09-27 11:00:00-04:00,22.8,23.950236177321507,,23.824491617949317,24.75590035253169,23.960026898515068,24.59698796459019,24.82535,24.01621621621621,23.824491617949317,26.7
2026-09-27 12:00:00-04:00,25.0,25.13262097155088,,25.007737691809538,25.59528921070988,25.142378120291653,25.495602330587445,25.7109,24.892,25.007737691809538,27.8
2026-09-27 13:00:00-04:00,25.6,25.888653051292685,,25.76462343850845,25.97897785549204,25.898374304616173,26.15411134782496,26.24005,25.54933333333333,25.76462343850845,28.3
2026-09-27 14:00:00-04:00,26.1,26.20958309770892,,26.086399635956877,26.000348891458877,26.21926652812301,26.5460596996924,26.518325,25.830666666666666,26.086399635956877,28.9
2026-09-27 15:00:00-04:00,25.0,26.08570288077354,,25.963358149240154,25.97130949419807,26.095347224572564,26.65727340554452,26.5854,25.846666666666668,25.963358149240154,30.0
2026-09-27 16:00:00-04:00,26.1,25.50321727398573,,25.3817039453631,25.91042878535048,25.512821989028087,26.459701571747665,26.3215,25.53066666666666,25.3817039453631,30.0
2026-09-27 17:00:00-04:00,25.0,24.481066181195,,24.360377020106046,25.130591384832364,24.49063130925127,25.964347712569605,25.61695,24.75733333333333,24.360377020106046,29.4
2026-09-27 18:00:00-04:00,23.3,23.118034847279567,,22.998162708733666,22.439189694540563,23.127560744776044,25.20420081629141,24.4497,23.16,22.998162708733666,28.3
2026-09-27 19:00:00-04:00,21.7,21.6088692711677,,21.489807099045976,20.25993027305305,21.61835629966505,24.242425713114717,23.0628,21.434666666666665,21.489807099045976,25.6
2026-09-27 20:00:00-04:00,21.1,20.20421209685215,,20.085952922422003,19.455120743485555,20.213660365648217,23.213520614516504,22.204775,20.49066666666666,20.085952922422003,24.4
2026-09-27 21:00:00-04:00,21.1,19.12396654944221,,19.006503489900375,18.77000448384688,19.13337577930517,22.11499796568684,21.448925,19.857333333333337,19.006503489900375,22.2
2026-09-27 22:00:00-04:00,20.6,18.466167444666954,,18.349493701710585,18.512247696845996,18.47553698209726,21.01396755292462,20.710525,19.43333333333333,18.349493701710585,21.7
2026-09-27 23:00:00-04:00,19.4,18.16307577415587,,18.04718463258101,18.14176948862619,18.172404741489537,20.00979749163871,20.2419,18.94,18.04718463258101,21.1
2026-09-28 00:00:00-04:00,17.8,17.84756538246099,,17.732450208787967,18.073376418107152,17.85685291251612,19.05023331428608,19.70425,18.44666666666667,17.732450208787967,20.0
2026-09-28 01:00:00-04:00,16.1,17.62379578816331,,17.50945002928843,17.42607140251677,17.63304127203397,18.408760589513378,19.25245,18.044,17.50945002928843,19.4
2026-09-28 02:00:00-04:00,14.4,17.19235950830003,,17.078776690173065,16.80328876260579,17.201562785326725,18.012602743336032,18.846225,17.67066666666667,17.078776690173065,18.9
2026-09-28 03:00:00-04:00,14.4,16.592091064961558,,16.479264791288532,16.626520866096303,16.601252503194754,17.894230188299947,18.495300000000004,17.396000000000004,16.479264791288532,17.8
2026-09-28 04:00:00-04:00,13.9,16.029802250698697,,15.91772620166942,16.54844225366159,16.038922697871406,18.071026007079816,18.223175,17.209333333333333,15.91772620166942,17.2
2026-09-28 05:00:00-04:00,13.3,15.792188598286693,,15.680856529326576,16.451353929109665,15.801269218235513,18.51100294827046,18.12235,16.945333333333334,15.680856529326576,16.1
2026-09-28 06:00:00-04:00,13.3,16.11740287964773,,16.0068086201934,16.433674321831695,16.126444917941946,19.19591484637429,18.397375,16.768,16.0068086201934,16.1
2026-09-28 07:00:00-04:00,14.4,17.089016366335102,,16.979153818633304,16.069534412114656,17.098020904553177,20.08884390682961,19.184675,17.339999999999996,16.979153818633304,17.2
2026-09-28 08:00:00-04:00,17.2,18.60142037221988,,18.492283510149242,17.645014998579505,18.610388129750067,21.151333323995885,20.551875,19.094666666666665,18.492283510149242,20.6
2026-09-28 09:00:00-04:00,20.6,20.40709757289717,,20.29868044081232,20.05904774752777,20.416028799663145,22.277112360906848,22.140425,20.89733333333334,20.29868044081232,22.8
2026-09-28 10:00:00-04:00,22.8,22.214504424381623,,22.106801135979218,22.55600738049561,22.223398902577102,23.398414768626782,23.460475,22.55466666666667,22.106801135979218,25.6
2026-09-28 11:00:00-04:00,23.9,23.783394331329653,,23.676399068535957,24.527677682900304,23.792251476299136,24.434725890042976,24.52205,23.837837837837835,23.676399068535957,26.7
2026-09-28 12:00:00-04:00,24.4,24.97310544989449,,24.866812461773907,25.33282452573439,24.98192447704509,25.324219324290222,25.39035,24.70133333333333,24.866812461773907,27.8
2026-09-28 13:00:00-04:00,25.6,25.73164361032592,,25.626047212010214,25.729935526213325,25.74042372193663,25.978078168245396,25.846925,25.378666666666664,25.626047212010214,28.3
2026-09-28 14:00:00-04:00,26.7,26.049097435337867,,25.94419200697562,25.763068466942062,26.057837980817272,26.36733243064492,26.07095,25.712,25.94419200697562,28.9
2026-09-28 15:00:00-04:00,26.7,25.91678419362805,,25.812564179353902,25.75646392148752,25.925484768170964,26.47442731721444,26.0756,25.736,25.812564179353902,30.0
2026-09-28 16:00:00-04:00,25.6,25.32380025245884,,25.220260159382136,25.629449702053563,25.33246071825201,26.296868585715117,25.943425,25.38266666666667,25.220260159382136,30.0
2026-09-28 17:00:00-04:00,25.6,24.29262113726945,,24.189755534481968,24.80454245583188,24.30124157280399,25.79364522719638,25.10195,24.570666666666664,24.189755534481968,29.4
2026-09-28 18:00:00-04:00,24.4,22.92468586057198,,22.82248937817422,21.755576103394624,22.933266461542164,25.031762564538287,23.872675000000005,22.929333333333336,22.82248937817422,28.3
2026-09-28 19:00:00-04:00,22.8,21.41544228085177,,21.313909608997555,20.101678735815675,21.423983246242344,24.064497092616737,22.436525000000003,21.197333333333333,21.313909608997555,25.6
2026-09-28 20:00:00-04:00,21.7,20.014182573672613,,19.913308461631566,19.363811302822377,20.02268401102252,23.04387600831975,21.700225,20.33733333333333,19.913308461631566,24.4
2026-09-28 21:00:00-04:00,21.7,18.938272002237127,,18.838051257474746,18.92259839003712,18.94673387746569,21.935333578808955,20.94995,19.67066666666667,18.838051257474746,22.2
2026-09-28 22:00:00-04:00,21.1,18.28334568462386,,18.18377317189872,18.9221768435263,18.29176782723432,20.834462196292083,20.3389,19.336,18.18377317189872,21.7
2026-09-28 23:00:00-04:00,19.4,17.98047889610713,,17.881549536584995,18.723034539882327,17.988861054364467,19.82928980767972,19.86785,18.82933333333333,17.881549536584995,21.1
2026-09-29 00:00:00-04:00,20.0,17.66271261291057,,17.564421383295,18.481832808795044,17.67105454012201,18.86400675896303,19.3459,18.336,17.564421383295,20.0
2026-09-29 01:00:00-04:00,20.6,17.43576876032096,,17.338110692000082,17.734619379624995,17.444070305954018,18.22162337542465,18.98575,17.950666666666667,17.338110692000082,19.4
2026-09-29 02:00:00-04:00,20.6,17.001646862917287,,16.904617041126443,17.175499068789193,17.009908042446707,17.834134321430636,18.626975,17.54533333333334,16.904617041126443,18.9
2026-09-29 03:00:00-04:00,20.0,16.39987368306228,,16.30346724606222,17.024901436299928,16.408094707532584,17.710226749118096,18.292,17.278666666666666,16.30346724606222,17.8
2026-09-29 04:00:00-04:00,20.0,15.837073142754717,,15.741285281024972,16.954565444640306,15.845254400706455,17.884047823236436,18.0621,17.070666666666668,15.741285281024972,17.2
2026-09-29 05:00:00-04:00,20.0,15.599393155043648,,15.50421911049091,16.808501352658233,15.6075351522995,18.328942232259184,17.95935,16.80533333333333,15.50421911049091,16.1
2026-09-29 06:00:00-04:00,18.3,15.924825040772484,,15.830260105953563,16.812364042052174,15.932928314181217,19.01252895663679,18.25405,16.62,15.830260105953563,16.1
2026-09-29 07:00:00-04:00,18.9,16.8975733162744,,16.803612833633544,16.29868805573905,16.905638343279293,19.909960969963663,18.909075,17.170666666666666,16.803612833633544,17.2
2026-09-29 08:00:00-04:00,20.6,18.41318859972838,,18.319827960848652,17.692141929489523,18.421215725419625,20.97169264120028,20.028225000000003,18.938666666666663,18.319827960848652,20.6
2026-09-29 09:00:00-04:00,22.8,20.225003598838985,,20.132238243707416,19.68558777381356,20.232992996456325,22.11762433260093,21.5826,20.78666666666667,20.132238243707416,22.8
2026-09-29 10:00:00-04:00,25.0,22.04112339434994,,21.948948810636153,22.005210883420048,22.04907506588821,23.249079736475764,23.0234,22.472,21.948948810636153,25.6
2026-09-29 11:00:00-04:00,26.7,23.61940623840997,,23.527817960758078,23.35750350952192,23.62732005169925,24.27616644774662,24.07145,23.755405405405405,23.527817960758078,26.7
2026-09-29 12:00:00-04:00,25.6,24.81628565569269,,24.7252792650261,23.73361416434721,24.824161405770678,25.15659778010759,24.92685,24.62133333333333,24.7252792650261,27.8
2026-09-29 13:00:00-04:00,26.1,25.57708761953308,,25.48665874237205,23.93982154712122,25.58492509733801,25.819351808176,25.42325,25.272,25.48665874237205,28.3
2026-09-29 14:00:00-04:00,26.7,25.890767781509982,,25.800912089301654,23.978296576655463,25.898566832806548,26.22745238509902,25.7324,25.66133333333333,25.800912089301654,28.9
2026-09-29 15:00:00-04:00,26.1,25.749749625113235,,25.660462833573813,23.96403157665546,25.75751018675736,26.307302561130086,25.645575000000004,25.640000000000004,25.660462833573813,30.0
2026-09-29 16:00:00-04:00,26.1,25.146119999269384,,25.057397867738388,23.90021253852055,25.153842106981177,26.128504207055983,25.478975,25.29466666666666,25.057397867738388,30.0
2026-09-29 17:00:00-04:00,26.7,24.105957870623207,,24.01779620142934,23.401663404108117,24.11364164031242,25.626294723475265,24.60595,24.48933333333333,24.01779620142934,29.4
2026-09-29 18:00:00-04:00,24.4,22.733353941199447,,22.645748579038056,21.054849221885405,22.74099953248129,24.853367239656627,23.2424,22.773333333333333,22.645748579038056,28.3
2026-09-29 19:00:00-04:00,21.7,21.22438023398531,,21.137327065307044,19.738442137146126,21.23198780824801,23.88577344821913,21.899300000000004,21.028,21.137327065307044,25.6
2026-09-29 20:00:00-04:00,21.7,19.82685728962543,,19.74035224203597,19.324986244100288,19.83442697515309,22.86382719019592,21.194275,20.212,19.74035224203597,24.4
2026-09-29 21:00:00-04:00,21.1,18.75550196829863,,18.669541009969276,18.99705210079778,18.763033841788207,21.75044103416991,20.472625,19.522666666666662,18.669541009969276,22.2
2026-09-29 22:00:00-04:00,21.1,18.10349823482439,,18.018077373913208,18.928034546124675,18.11099232327557,20.65278962200452,19.9754,19.216000000000005,18.018077373913208,21.7
2026-09-29 23:00:00-04:00,20.0,17.800760776550934,,17.715876060634386,18.724593778257123,17.808217077541048,19.64440971716839,19.567025,18.704000000000004,17.715876060634386,21.1
2026-09-30 00:00:00-04:00,18.9,17.480611099811153,,17.396258615325863,18.50030007479431,17.488029613212685,18.683561811138613,19.1121,18.21066666666667,17.396258615325863,20.0
2026-09-30 01:00:00-04:00,18.3,17.250364067591445,,17.166539939286004,17.881659807042464,17.257744829069782,18.02949024222377,18.694425000000003,17.802666666666667,17.166539939286004,19.4
2026-09-30 02:00:00-04:00,17.2,16.813506037495078,,16.73020642789162,17.246347993064873,16.820849144181583,17.638061740847895,18.32795,17.44,16.73020642789162,18.9
2026-09-30 03:00:00-04:00,16.7,16.210249812844946,,16.127470921710348,17.073860270039678,16.21755543419075,17.51601134055448,18.0412,17.176000000000002,16.127470921710348,17.8
2026-09-30 04:00:00-04:00,16.1,15.646981419822309,,15.564719483648782,17.000259884932962,15.654249790928256,17.68475591659537,17.823800000000002,16.965333333333337,15.564719483648782,17.2
2026-09-30 05:00:00-04:00,16.1,15.409243557500384,,15.32749484899534,16.88118432818308,15.416474956944962,18.125147372746564,17.734574999999996,16.745333333333335,15.32749484899534,16.1
2026-09-30 06:00:00-04:00,16.1,15.73483651820416,,15.653597345789098,16.88118432818308,15.742031236291592,18.81403634283838,17.966175,16.545333333333335,15.653597345789098,16.1
2026-09-30 07:00:00-04:00,16.7,16.708610209626713,,16.62787691694499,16.436102103808206,16.71576851509945,19.715060650271138,18.595,17.073333333333334,16.62787691694499,17.2
2026-09-30 08:00:00-04:00,18.3,18.227313571710337,,18.14708253714368,17.692502608021226,18.234435684894027,20.789616913286658,19.7322,18.77733333333333,18.14708253714368,20.6
2026-09-30 09:00:00-04:00,22.2,20.04516319008488,,19.965430826278368,19.58592625716928,20.05224926833947,21.94527463175394,21.202875,20.586666666666662,19.965430826278368,22.8
2026-09-30 10:00:00-04:00,,21.869914219035937,,21.79067697243136,21.830944496033617,21.876964356960247,23.08884454580035,22.641425,22.293333333333337,21.79067697243136,25.6
2026-09-30 11:00:00-04:00,,23.457495232641268,,23.37874958301871,22.59463386144844,23.46450947569629,24.12427082322244,23.76425,23.636486486486486,23.37874958301871,26.7
2026-09-30 12:00:00-04:00,,24.66138848526797,,24.583130945295384,22.783483391895988,24.66836685233722,25.00393259981919,24.618075,24.54,24.583130945295384,27.8
2026-09-30 13:00:00-04:00,,25.424218650659185,,25.346445765449868,22.84278658942909,25.43116115930253,25.66693883458909,25.218,25.212,25.346445765449868,28.3
2026-09-30 14:00:00-04:00,,25.733839282614323,,25.656547629292135,22.992734259303766,25.74074597072919,26.06252676281457,25.456875,25.588,25.656547629292135,28.9
2026-09-30 15:00:00-04:00,,25.583861177003246,,25.5070473642754,23.01593487434712,25.590732116149677,26.16120506390225,25.43025,25.50666666666667,25.5070473642754,30.0
2026-09-30 16:00:00-04:00,,24.96945920716611,,24.893119874903363,23.066595766211503,24.976294505410618,25.98482738733697,25.229125,25.22533333333333,24.893119874903363,30.0
2026-09-30 17:00:00-04:00,,23.92038077542,,23.844512594244165,22.986479256598276,23.927180570450407,25.4827769340016,24.386650000000003,24.33333333333333,23.844512594244165,29.4
2026-09-30 18:00:00-04:00,,22.54336314669035,,22.467962817568925,20.84969624014556,22.550127592379155,24.70667102674448,22.9758,22.618666666666662,22.467962817568925,28.3
2026-09-30 19:00:00-04:00,,21.03502284845062,,20.960087102298406,19.38342174549752,21.04175209941449,23.723344616257965,21.631125,20.88,20.960087102298406,25.6
2026-09-30 20:00:00-04:00,,19.641587532364248,,19.567113129651833,18.97124765530633,19.64828173111931,22.69503823334407,20.86005,20.049333333333333,19.567113129651833,24.4
2026-09-30 21:00:00-04:00,,18.57501688134617,,18.50100061171516,18.734207476203604,18.58167615149482,21.580740774259237,20.1673,19.352,18.50100061171516,22.2
2026-09-30 22:00:00-04:00,,17.92599471111092,,17.852433392995767,18.810761213592507,17.93261915802366,20.487939468241372,19.7036,19.02266666666667,17.852433392995767,21.7
2026-09-30 23:00:00-04:00,,17.62330221746475,,17.55019269772105,18.678463035796177,17.629891935725905,19.478002524632927,19.295675,18.49066666666667,17.55019269772105,21.1
