model,MAE,RMSE,R2,bias,n_hours
MOS (ECMWF + station),2.591498907715144,3.4376088337921895,0.6382252058420244,0.7847239892092355,322
Raw ECMWF + climatology after day 11,2.6799691601745845,3.5315033439165915,0.618192341629697,0.8435760121483794,322
Random forest,3.0003589192034847,3.639213507693611,0.59454705124551,-0.622552310403005,322
Station-only linear,3.3329656924066886,4.049133565050582,0.49806255341284844,-0.19582236560241692,322
"Baseline: same hour, prior years",3.484916129993102,4.224032659827833,0.45376449375625916,0.03189617618012116,322
Baseline: climatology (normal),3.5681688238994482,4.300988629760226,0.4336798940641511,-0.6334320776683039,322
Ridge + alternative data,3.6898482439254203,4.562618005607381,0.36268577562567406,0.8859239144839113,322
KNN analogs,3.72206451863354,4.569995455067556,0.36062312006874675,0.7059086180124229,322
Baseline: repeat last 24 h,4.0605590062111805,4.961438255709466,0.24640054851000492,1.3562111801242238,322
