feature,coef_standardized,coef_original_units
nwp_anom x day1,1.373381098942132,0.9710986805457066
nwp_anom x day2,1.3850366715001703,0.9794645218386754
nwp_anom x day3,1.3438558159102265,0.9443905981306497
nwp_anom x day4,1.307268535874272,0.9115510726882428
nwp_anom x day5,1.2635409264106374,0.8697910151482827
nwp_anom x day6,1.1800309528411028,0.8064417014456884
nwp_anom x day7,1.0752285833359543,0.7218338121857256
nwp_anom x day8,0.9534959832873958,0.652768176496894
nwp_anom x day9,0.8693851668359011,0.6026544129284125
nwp_anom x day10,0.7112926325521999,0.5000346093462472
nwp_anom x day11,0.2825757617347225,0.3780717281407036
nwp_anom x day12,0.0,0.0
nwp_anom x day13,0.0,0.0
nwp_anom x day14,0.0,0.0
nwp_anom x hour1sin,0.18629103558684237,0.05710770741376299
hour1sin (bias),0.15751306465503676,0.22251749216948824
nwp_anom x hour1cos,0.06611650146854182,0.020382897929233208
hour1cos (bias),-0.4748091202497116,-0.6727082576386004
nwp_anom x hour2sin,0.06469723485141729,0.01981726553051779
hour2sin (bias),-0.1684800343076697,-0.2389314056311446
nwp_anom x hour2cos,0.05872540501114918,0.01794204918650937
hour2cos (bias),0.11465488037143394,0.16172571851742637
err_now x exp(-L/6h),0.06777067665930676,0.32894741274333555
err_now x exp(-L/24h),0.1274061581693419,0.32990134144735844
bias_7d,-0.18488491090326445,-0.2567724991285743
bias_30d,-0.3959637125683092,-0.7005603031893193
t_last x exp(-L/3h),0.3001927963143276,0.7235241873890653
t_last x exp(-L/12h),-0.29085923888422194,-0.39365308458532156
t_last x exp(-L/48h),-0.08871167425727307,-0.06195315996227538
t_6h x exp(-L/3h),-0.46146291393407746,-1.135671074939033
t_6h x exp(-L/12h),0.6279194877109552,0.8677508006791029
t_6h x exp(-L/48h),-0.09410968447385268,-0.06710411098862643
t_24h x exp(-L/3h),0.1876836616696571,0.49831045185858214
t_24h x exp(-L/12h),-0.36102026870009796,-0.5385533456882713
t_24h x exp(-L/48h),0.2335735934618909,0.17977588378098883
t_72h x exp(-L/3h),-0.14134959485406176,-0.43919248330386
t_72h x exp(-L/12h),0.33836896659269244,0.5910318114752389
t_72h x exp(-L/48h),-0.36140458045621954,-0.32565843718046356
