hour_local,observed,normal,after_cutoff
2026-08-01 00:00:00-04:00,23.3,24.98432633243116,False
2026-08-01 01:00:00-04:00,24.4,24.712763311012587,False
2026-08-01 02:00:00-04:00,24.4,24.305841111440976,False
2026-08-01 03:00:00-04:00,23.9,23.80043859456508,False
2026-08-01 04:00:00-04:00,23.3,23.379109424611663,False
2026-08-01 05:00:00-04:00,22.8,23.286721515040114,False
2026-08-01 06:00:00-04:00,22.8,23.70999486745947,False
2026-08-01 07:00:00-04:00,23.9,24.682815450178058,False
2026-08-01 08:00:00-04:00,26.1,26.065431720255148,False
2026-08-01 09:00:00-04:00,27.8,27.604894298371228,False
2026-08-01 10:00:00-04:00,29.4,29.04068090500659,False
2026-08-01 11:00:00-04:00,30.0,30.197763236094374,False
2026-08-01 12:00:00-04:00,30.0,31.02090105014873,False
2026-08-01 13:00:00-04:00,30.6,31.54084609763449,False
2026-08-01 14:00:00-04:00,30.6,31.80311954169029,False
2026-08-01 15:00:00-04:00,31.1,31.80960103869402,False
2026-08-01 16:00:00-04:00,31.1,31.511422408780568,False
2026-08-01 17:00:00-04:00,30.6,30.856507272412756,False
2026-08-01 18:00:00-04:00,30.0,29.858374875642326,False
2026-08-01 19:00:00-04:00,28.9,28.637172266856552,False
2026-08-01 20:00:00-04:00,27.2,27.39920475229527,False
2026-08-01 21:00:00-04:00,26.7,26.358663194051356,False
2026-08-01 22:00:00-04:00,26.1,25.642384387282874,False
2026-08-01 23:00:00-04:00,25.6,25.23260510213445,False
2026-08-02 00:00:00-04:00,25.6,24.94627741751956,False
2026-08-02 01:00:00-04:00,25.6,24.678688513168996,False
2026-08-02 02:00:00-04:00,25.0,24.27388199631943,False
2026-08-02 03:00:00-04:00,25.6,23.767867480013365,False
2026-08-02 04:00:00-04:00,25.0,23.343352232381417,False
2026-08-02 05:00:00-04:00,25.0,23.246298277800115,False
2026-08-02 06:00:00-04:00,25.6,23.664981020631885,False
2026-08-02 07:00:00-04:00,24.4,24.6346675103589,False
2026-08-02 08:00:00-04:00,25.6,26.016322192820837,False
2026-08-02 09:00:00-04:00,26.1,27.5569050665716,False
2026-08-02 10:00:00-04:00,26.7,28.9952143017115,False
2026-08-02 11:00:00-04:00,28.3,30.15535910355652,False
2026-08-02 12:00:00-04:00,29.4,30.981408035514004,False
2026-08-02 13:00:00-04:00,30.0,31.503727441716293,False
2026-08-02 14:00:00-04:00,31.7,31.7676655780867,False
2026-08-02 15:00:00-04:00,30.0,31.77495840037121,False
2026-08-02 16:00:00-04:00,26.7,31.47653071560015,False
2026-08-02 17:00:00-04:00,28.9,30.820132474308163,False
2026-08-02 18:00:00-04:00,28.3,29.819375179552544,False
2026-08-02 19:00:00-04:00,27.8,28.59495818797381,False
2026-08-02 20:00:00-04:00,27.2,27.35417188599103,False
2026-08-02 21:00:00-04:00,26.7,26.312310706261826,False
2026-08-02 22:00:00-04:00,26.1,25.59694440352494,False
2026-08-02 23:00:00-04:00,25.6,25.190251797553195,False
2026-08-03 00:00:00-04:00,25.6,24.903843080476783,False
2026-08-03 01:00:00-04:00,25.0,24.64019793095863,False
2026-08-03 02:00:00-04:00,24.4,24.237452823003093,False
2026-08-03 03:00:00-04:00,24.4,23.730767687267367,False
2026-08-03 04:00:00-04:00,23.9,23.303034288006476,False
2026-08-03 05:00:00-04:00,23.9,23.20133374987197,False
2026-08-03 06:00:00-04:00,23.9,23.61550365711484,False
2026-08-03 07:00:00-04:00,23.9,24.582179630878365,False
2026-08-03 08:00:00-04:00,24.4,25.96301979441079,False
2026-08-03 09:00:00-04:00,25.0,27.504874570434037,False
2026-08-03 10:00:00-04:00,26.1,28.945855163583893,False
2026-08-03 11:00:00-04:00,28.3,30.1092105771801,False
2026-08-03 12:00:00-04:00,29.4,30.93831998625661,False
2026-08-03 13:00:00-04:00,30.6,31.46315442384099,False
2026-08-03 14:00:00-04:00,30.0,31.72886372781145,False
2026-08-03 15:00:00-04:00,31.1,31.73700660052274,False
2026-08-03 16:00:00-04:00,31.7,31.43827527449001,False
2026-08-03 17:00:00-04:00,31.7,30.78024426153385,False
2026-08-03 18:00:00-04:00,31.1,29.776645432982445,False
2026-08-03 19:00:00-04:00,28.9,28.54878017115269,False
2026-08-03 20:00:00-04:00,27.8,27.30497581160534,False
2026-08-03 21:00:00-04:00,27.2,26.261663298606535,False
2026-08-03 22:00:00-04:00,26.1,25.547147430750293,False
2026-08-03 23:00:00-04:00,25.6,25.143523568244753,False
2026-08-04 00:00:00-04:00,25.0,24.857056091988525,False
2026-08-04 01:00:00-04:00,25.0,24.59731898184299,False
2026-08-04 02:00:00-04:00,25.0,24.196578046096086,False
2026-08-04 03:00:00-04:00,23.9,23.689164746442597,False
2026-08-04 04:00:00-04:00,23.9,23.25818577049223,False
2026-08-04 05:00:00-04:00,22.8,23.15186423694273,False
2026-08-04 06:00:00-04:00,23.3,23.561604286172482,False
2026-08-04 07:00:00-04:00,24.4,24.525396242805176,False
2026-08-04 08:00:00-04:00,25.6,25.905569858199584,False
2026-08-04 09:00:00-04:00,26.7,27.44884842116785,False
2026-08-04 10:00:00-04:00,27.2,28.892650093582873,False
2026-08-04 11:00:00-04:00,27.8,30.05936613815252,False
2026-08-04 12:00:00-04:00,27.2,30.891686862949186,False
2026-08-04 13:00:00-04:00,27.8,31.419176085165923,False
2026-08-04 14:00:00-04:00,27.8,31.686758350234783,False
2026-08-04 15:00:00-04:00,27.8,31.695781954734382,False
2026-08-04 16:00:00-04:00,27.2,31.39668332738748,False
2026-08-04 17:00:00-04:00,27.2,30.736863053711893,False
2026-08-04 18:00:00-04:00,27.2,29.730204071862907,False
2026-08-04 19:00:00-04:00,26.7,28.49866000315902,False
2026-08-04 20:00:00-04:00,24.4,27.251645058442648,False
2026-08-04 21:00:00-04:00,24.4,26.20675619062828,False
2026-08-04 22:00:00-04:00,23.9,25.493032121510524,False
2026-08-04 23:00:00-04:00,23.9,25.092457884165967,False
2026-08-05 00:00:00-04:00,23.9,24.805953803074605,False
2026-08-05 01:00:00-04:00,24.4,24.550083612106313,False
2026-08-05 02:00:00-04:00,24.4,24.151286639063557,False
2026-08-05 03:00:00-04:00,24.4,23.643088692478386,False
2026-08-05 04:00:00-04:00,24.4,23.20884128262332,False
2026-08-05 05:00:00-04:00,23.9,23.097930288205095,False
2026-08-05 06:00:00-04:00,24.4,23.50332840569793,False
2026-08-05 07:00:00-04:00,25.0,24.46436550579154,False
2026-08-05 08:00:00-04:00,25.6,25.84402125248706,False
2026-08-05 09:00:00-04:00,26.7,27.38887566633602,False
2026-08-05 10:00:00-04:00,28.3,28.83564909163983,False
2026-08-05 11:00:00-04:00,30.0,30.005877606671067,False
2026-08-05 12:00:00-04:00,30.0,30.84156181871392,False
2026-08-05 13:00:00-04:00,28.9,31.371844413744086,False
2026-08-05 14:00:00-04:00,30.0,31.641396475397936,False
2026-08-05 15:00:00-04:00,29.4,31.65132326477591,False
2026-08-05 16:00:00-04:00,31.1,31.351784625790884,False
2026-08-05 17:00:00-04:00,29.4,30.690012058940034,False
2026-08-05 18:00:00-04:00,30.0,29.68007280399601,False
2026-08-05 19:00:00-04:00,28.9,28.444623299840526,False
2026-08-05 20:00:00-04:00,27.2,27.194212464533905,False
2026-08-05 21:00:00-04:00,27.2,26.147629207892145,False
2026-08-05 22:00:00-04:00,26.7,25.43464183142843,False
2026-08-05 23:00:00-04:00,26.1,25.037096877666265,False
2026-08-06 00:00:00-04:00,26.1,24.75057803386742,False
2026-08-06 01:00:00-04:00,25.6,24.498528197769577,False
2026-08-06 02:00:00-04:00,25.0,24.101612003890885,False
2026-08-06 03:00:00-04:00,24.4,23.592573976108675,False
2026-08-06 04:00:00-04:00,25.0,23.15503975593993,False
2026-08-06 05:00:00-04:00,24.4,23.039576591680007,False
2026-08-06 06:00:00-04:00,25.0,23.440725388767405,False
2026-08-06 07:00:00-04:00,25.0,24.39913918929196,False
2026-08-06 08:00:00-04:00,26.1,25.778426259192518,False
2026-08-06 09:00:00-04:00,27.2,27.325008665002553,False
2026-08-06 10:00:00-04:00,29.4,28.774905422834372,False
2026-08-06 11:00:00-04:00,30.0,29.94879999936457,False
2026-08-06 12:00:00-04:00,31.7,30.788001045650667,False
2026-08-06 13:00:00-04:00,32.8,31.321214185384886,False
2026-08-06 14:00:00-04:00,32.8,31.592827649311083,False
2026-08-06 15:00:00-04:00,32.2,31.603671678852134,False
2026-08-06 16:00:00-04:00,32.8,31.303611311993798,False
2026-08-06 17:00:00-04:00,32.2,30.639717174376187,False
2026-08-06 18:00:00-04:00,30.6,29.62627652021419,False
2026-08-06 19:00:00-04:00,25.0,28.38669941605326,False
2026-08-06 20:00:00-04:00,22.8,27.13271507610519,False
2026-08-06 21:00:00-04:00,23.3,26.084326668536313,False
2026-08-06 22:00:00-04:00,23.3,25.37202449773158,False
2026-08-06 23:00:00-04:00,23.9,24.977487223078917,False
2026-08-07 00:00:00-04:00,23.3,24.690974952971047,False
2026-08-07 01:00:00-04:00,22.8,24.442693436320372,False
2026-08-07 02:00:00-04:00,22.8,24.047591871730067,False
2026-08-07 03:00:00-04:00,22.8,23.537659366045478,False
2026-08-07 04:00:00-04:00,22.2,23.09682434732771,False
2026-08-07 05:00:00-04:00,22.2,22.976851861742134,False
2026-08-07 06:00:00-04:00,22.2,23.37384836304502,False
2026-08-07 07:00:00-04:00,23.9,24.329772547131423,False
2026-08-07 08:00:00-04:00,25.0,25.708840445890132,False
2026-08-07 09:00:00-04:00,26.7,27.257302956306162,False
2026-08-07 10:00:00-04:00,28.3,28.710475478753594,False
2026-08-07 11:00:00-04:00,30.0,29.888191379793856,False
2026-08-07 12:00:00-04:00,31.7,30.731063614578034,False
2026-08-07 13:00:00-04:00,31.7,31.267342798404005,False
2026-08-07 14:00:00-04:00,32.2,31.541103773836774,False
2026-08-07 15:00:00-04:00,32.2,31.552870546904877,False
2026-08-07 16:00:00-04:00,32.8,31.252197795298642,False
2026-08-07 17:00:00-04:00,33.3,30.58600688109243,False
2026-08-07 18:00:00-04:00,31.1,29.568843198623078,False
2026-08-07 19:00:00-04:00,29.4,28.324921347361382,False
2026-08-07 20:00:00-04:00,27.8,27.067194037760203,False
2026-08-07 21:00:00-04:00,27.2,26.016897259960665,False
2026-08-07 22:00:00-04:00,26.7,25.305232507837236,False
2026-08-07 23:00:00-04:00,26.1,24.91368000658876,False
2026-08-08 00:00:00-04:00,25.6,24.627194947768885,False
2026-08-08 01:00:00-04:00,25.0,24.38262422959522,False
2026-08-08 02:00:00-04:00,24.4,23.98926819484359,False
2026-08-08 03:00:00-04:00,24.4,23.47838784267546,False
2026-08-08 04:00:00-04:00,23.9,23.034242327528734,False
2026-08-08 05:00:00-04:00,23.3,22.90980871917271,False
2026-08-08 06:00:00-04:00,23.9,23.302754083380222,False
2026-08-08 07:00:00-04:00,24.4,24.256324185777412,False
2026-08-08 08:00:00-04:00,26.1,25.635322531748717,False
2026-08-08 09:00:00-04:00,27.8,27.185817121836017,False
2026-08-08 10:00:00-04:00,30.0,28.642418632433674,False
2026-08-08 11:00:00-04:00,30.6,29.824112702464134,False
2026-08-08 12:00:00-04:00,31.1,30.670811308556868,False
2026-08-08 13:00:00-04:00,32.8,31.210290102756247,False
2026-08-08 14:00:00-04:00,33.3,31.486278941652046,False
2026-08-08 15:00:00-04:00,33.9,31.498965271430265,False
2026-08-08 16:00:00-04:00,33.3,31.197580623626408,False
2026-08-08 17:00:00-04:00,32.2,30.528912133566813,False
2026-08-08 18:00:00-04:00,30.6,29.507803802264547,False
2026-08-08 19:00:00-04:00,23.3,28.259325623841644,False
2026-08-08 20:00:00-04:00,22.2,26.99769447372617,False
2026-08-08 21:00:00-04:00,23.9,25.94539390602878,False
2026-08-08 22:00:00-04:00,23.3,25.234322558381706,False
2026-08-08 23:00:00-04:00,24.4,24.845730586766862,False
2026-08-09 00:00:00-04:00,22.8,24.559292486070678,False
2026-08-09 01:00:00-04:00,23.3,24.31836955817296,False
2026-08-09 02:00:00-04:00,22.8,23.92668703017805,False
2026-08-09 03:00:00-04:00,22.8,23.41480648359079,False
2026-08-09 04:00:00-04:00,22.2,22.967344961900388,False
2026-08-09 05:00:00-04:00,22.8,22.838503564082128,False
2026-08-09 06:00:00-04:00,22.8,23.22750279795615,False
2026-08-09 07:00:00-04:00,23.9,24.178855926685237,False
2026-08-09 08:00:00-04:00,25.6,25.557934247754023,False
2026-08-09 09:00:00-04:00,27.8,27.11061264220094,False
2026-08-09 10:00:00-04:00,28.9,28.570797087299518,False
2026-08-09 11:00:00-04:00,30.6,29.756627650799658,False
2026-08-09 12:00:00-04:00,32.2,30.60730845068237,False
2026-08-09 13:00:00-04:00,32.2,31.150118224059895,False
2026-08-09 14:00:00-04:00,32.8,31.428409266795388,False
2026-08-09 15:00:00-04:00,33.9,31.442003154287825,False
2026-08-09 16:00:00-04:00,33.9,31.139798350951665,False
2026-08-09 17:00:00-04:00,33.3,30.468466244195305,False
2026-08-09 18:00:00-04:00,32.8,29.443192170554145,False
2026-08-09 19:00:00-04:00,31.7,28.18995219634525,False
2026-08-09 20:00:00-04:00,29.4,26.924265360535884,False
2026-08-09 21:00:00-04:00,27.8,25.869873625183786,False
2026-08-09 22:00:00-04:00,27.2,25.15935550511177,False
2026-08-09 23:00:00-04:00,26.7,24.773698446186252,False
2026-08-10 00:00:00-04:00,26.7,24.48732596951147,False
2026-08-10 01:00:00-04:00,26.1,24.249982347658918,False
2026-08-10 02:00:00-04:00,25.0,23.85989841492008,False
2026-08-10 03:00:00-04:00,23.9,23.346966341295172,False
2026-08-10 04:00:00-04:00,23.3,22.896187383767533,False
2026-08-10 05:00:00-04:00,23.3,22.76299644206129,False
2026-08-10 06:00:00-04:00,23.9,23.148158108362214,False
2026-08-10 07:00:00-04:00,24.4,24.09743266310006,False
2026-08-10 08:00:00-04:00,25.6,25.476740191605487,False
2026-08-10 09:00:00-04:00,26.1,27.031753748198053,False
2026-08-10 10:00:00-04:00,28.3,28.495675720533335,False
2026-08-10 11:00:00-04:00,30.6,29.68580246954685,False
2026-08-10 12:00:00-04:00,31.7,30.540621726646208,False
2026-08-10 13:00:00-04:00,32.2,31.086891383035294,False
2026-08-10 14:00:00-04:00,33.3,31.367552711316723,False
2026-08-10 15:00:00-04:00,33.3,31.38203323998837,False
2026-08-10 16:00:00-04:00,33.3,31.078891401003155,False
2026-08-10 17:00:00-04:00,33.3,30.4047047632196,False
2026-08-10 18:00:00-04:00,32.8,29.37504490486323,False
2026-08-10 19:00:00-04:00,31.1,28.116844315588853,False
2026-08-10 20:00:00-04:00,30.0,26.846959391540828,False
2026-08-10 21:00:00-04:00,28.3,25.790397379901528,False
2026-08-10 22:00:00-04:00,27.2,25.0803962040791,False
2026-08-10 23:00:00-04:00,26.1,24.697647034555377,False
2026-08-11 00:00:00-04:00,25.6,24.411357579135476,False
2026-08-11 01:00:00-04:00,25.6,24.177519327259652,False
2026-08-11 02:00:00-04:00,25.0,23.78895623440686,False
2026-08-11 03:00:00-04:00,24.4,23.27492231344501,False
2026-08-11 04:00:00-04:00,24.4,22.820828460731065,False
2026-08-11 05:00:00-04:00,24.4,22.68335090393684,False
2026-08-11 06:00:00-04:00,23.9,23.064786823978388,False
2026-08-11 07:00:00-04:00,25.6,24.01212221171216,False
2026-08-11 08:00:00-04:00,27.2,25.391807677692277,False
2026-08-11 09:00:00-04:00,29.4,26.949307267000176,False
2026-08-11 10:00:00-04:00,30.6,28.417121921317804,False
2026-08-11 11:00:00-04:00,32.2,29.61170579208659,False
2026-08-11 12:00:00-04:00,32.8,30.470820002583793,False
2026-08-11 13:00:00-04:00,33.3,31.020675710891943,False
2026-08-11 14:00:00-04:00,33.9,31.30376890855881,False
2026-08-11 15:00:00-04:00,35.0,31.319106155957346,False
2026-08-11 16:00:00-04:00,34.4,31.014901927679965,False
2026-08-11 17:00:00-04:00,31.7,30.33766535447854,False
2026-08-11 18:00:00-04:00,28.3,29.303401248631594,False
2026-08-11 19:00:00-04:00,25.0,28.040048404465487,False
2026-08-11 20:00:00-04:00,24.4,26.765832833671297,False
2026-08-11 21:00:00-04:00,23.9,25.707029917926715,False
2026-08-11 22:00:00-04:00,23.9,24.99751334460042,False
2026-08-11 23:00:00-04:00,23.9,24.617643603827275,False
2026-08-12 00:00:00-04:00,23.3,24.33145311361745,False
2026-08-12 01:00:00-04:00,23.9,24.101040881067014,False
2026-08-12 02:00:00-04:00,23.9,23.713918082782186,False
2026-08-12 03:00:00-04:00,23.3,23.198733006003504,False
2026-08-12 04:00:00-04:00,23.9,22.74133065431251,False
2026-08-12 05:00:00-04:00,22.8,22.599633859520083,False
2026-08-12 06:00:00-04:00,22.8,22.977458811071738,False
2026-08-12 07:00:00-04:00,23.9,23.922995159573784,False
2026-08-12 08:00:00-04:00,25.6,25.30320658256516,False
2026-08-12 09:00:00-04:00,26.1,26.8633424637939,False
2026-08-12 10:00:00-04:00,28.3,28.33520542441225,False
2026-08-12 11:00:00-04:00,27.8,29.534408463149873,False
2026-08-12 12:00:00-04:00,27.2,30.397974138734526,False
2026-08-12 13:00:00-04:00,28.3,30.951539061209807,False
2026-08-12 14:00:00-04:00,30.6,31.237118983607438,False
2026-08-12 15:00:00-04:00,31.1,31.253273950277976,False
2026-08-12 16:00:00-04:00,31.7,30.947873672642174,False
2026-08-12 17:00:00-04:00,31.1,30.267387667401614,False
2026-08-12 18:00:00-04:00,30.0,29.228302962410364,False
2026-08-12 19:00:00-04:00,29.4,27.959613923983476,False
2026-08-12 20:00:00-04:00,28.3,26.680945376879293,False
2026-08-12 21:00:00-04:00,27.8,25.619839605758706,False
2026-08-12 22:00:00-04:00,26.7,24.910779274467146,False
2026-08-12 23:00:00-04:00,25.6,24.53375903576251,False
2026-08-13 00:00:00-04:00,25.6,24.247681820591893,False
2026-08-13 01:00:00-04:00,24.4,24.020610892487905,False
2026-08-13 02:00:00-04:00,23.9,23.634845116806275,False
2026-08-13 03:00:00-04:00,23.3,23.118460589702252,False
2026-08-13 04:00:00-04:00,23.3,22.657759873329884,False
2026-08-13 05:00:00-04:00,22.8,22.51191542575317,False
2026-08-13 06:00:00-04:00,22.8,22.88624683701764,False
2026-08-13 07:00:00-04:00,24.4,23.8301247066966,False
2026-08-13 08:00:00-04:00,26.7,25.21100918633117,False
2026-08-13 09:00:00-04:00,29.4,26.773930879310967,False
2026-08-13 10:00:00-04:00,30.0,28.249998139532174,False
2026-08-13 11:00:00-04:00,31.1,29.45398335744278,False
2026-08-13 12:00:00-04:00,32.8,30.32215679945356,False
2026-08-13 13:00:00-04:00,33.3,30.87955081886902,False
2026-08-13 14:00:00-04:00,32.8,31.16766537145513,False
2026-08-13 15:00:00-04:00,33.3,31.184589927425,False
2026-08-13 16:00:00-04:00,33.9,30.877851820541647,False
2026-08-13 17:00:00-04:00,,30.193913205672725,False
2026-08-13 18:00:00-04:00,32.2,29.149794194248056,False
2026-08-13 19:00:00-04:00,31.1,27.87559323325762,False
2026-08-13 20:00:00-04:00,30.0,26.59235997671857,False
2026-08-13 21:00:00-04:00,28.9,25.52889825487293,False
2026-08-13 22:00:00-04:00,27.8,24.820269817907448,False
2026-08-13 23:00:00-04:00,26.7,24.446067662442474,False
2026-08-14 00:00:00-04:00,27.2,24.16011622157745,False
2026-08-14 01:00:00-04:00,26.7,23.936296582272703,False
2026-08-14 02:00:00-04:00,26.1,23.551801903244122,False
2026-08-14 03:00:00-04:00,26.7,23.03417065022072,False
2026-08-14 04:00:00-04:00,25.6,22.570185321414463,False
2026-08-14 05:00:00-04:00,25.0,22.420268769668922,False
2026-08-14 06:00:00-04:00,25.0,22.791226410069015,False
2026-08-14 07:00:00-04:00,26.1,23.733586504758716,False
2026-08-14 08:00:00-04:00,28.3,25.115290010407563,False
2026-08-14 09:00:00-04:00,29.4,26.681146163705897,False
2026-08-14 10:00:00-04:00,31.1,28.161573977012992,False
2026-08-14 11:00:00-04:00,32.8,29.37050519469712,False
2026-08-14 12:00:00-04:00,33.9,30.243442260123178,False
2026-08-14 13:00:00-04:00,35.6,30.804781706590333,False
2026-08-14 14:00:00-04:00,35.0,31.095471633428737,False
2026-08-14 15:00:00-04:00,36.7,31.11310848250495,False
2026-08-14 16:00:00-04:00,35.6,30.80488285236472,False
2026-08-14 17:00:00-04:00,33.3,30.11728519300065,False
2026-08-14 18:00:00-04:00,30.6,29.067921345844248,False
2026-08-14 19:00:00-04:00,30.6,27.788041443992142,False
2026-08-14 20:00:00-04:00,28.9,26.500142690533462,False
2026-08-14 21:00:00-04:00,27.8,25.43428094118233,False
2026-08-14 22:00:00-04:00,26.7,24.726064086821722,False
2026-08-14 23:00:00-04:00,26.7,24.354647080247194,False
2026-08-15 00:00:00-04:00,26.7,24.068831930999142,False
2026-08-15 01:00:00-04:00,27.2,23.848168340610606,False
2026-08-15 02:00:00-04:00,26.7,23.464856260272022,False
2026-08-15 03:00:00-04:00,25.6,22.945932032508534,False
2026-08-15 04:00:00-04:00,25.0,22.478679339091542,False
2026-08-15 05:00:00-04:00,23.9,22.324769946591857,False
2026-08-15 06:00:00-04:00,23.9,22.692475615106567,False
2026-08-15 07:00:00-04:00,23.9,23.633458492358223,False
2026-08-15 08:00:00-04:00,24.4,25.016125652079662,False
2026-08-15 09:00:00-04:00,25.6,26.585063907241043,False
2026-08-15 10:00:00-04:00,28.3,28.070008670248082,False
2026-08-15 11:00:00-04:00,29.4,29.284050351672576,False
2026-08-15 12:00:00-04:00,30.6,30.161906211519867,False
2026-08-15 13:00:00-04:00,30.0,30.72730358965439,False
2026-08-15 14:00:00-04:00,31.7,31.020602272435745,False
2026-08-15 15:00:00-04:00,32.2,31.038884934522216,False
2026-08-15 16:00:00-04:00,32.2,30.729014397363024,False
2026-08-15 17:00:00-04:00,31.1,30.037548436439707,False
2026-08-15 18:00:00-04:00,30.6,28.982732934906043,False
2026-08-15 19:00:00-04:00,28.9,27.697016269908403,False
2026-08-15 20:00:00-04:00,27.2,26.404362507744192,False
2026-08-15 21:00:00-04:00,27.8,25.33606581825983,False
2026-08-15 22:00:00-04:00,27.8,24.628244285828977,False
2026-08-15 23:00:00-04:00,27.2,24.25957795782748,False
2026-08-16 00:00:00-04:00,26.7,23.97390746982509,False
2026-08-16 01:00:00-04:00,26.1,23.756299553773967,False
2026-08-16 02:00:00-04:00,26.1,23.37407909335607,False
2026-08-16 03:00:00-04:00,25.6,22.85381667968899,False
2026-08-16 04:00:00-04:00,25.0,22.38331724086035,False
2026-08-16 05:00:00-04:00,25.0,22.225497734018848,False
2026-08-16 06:00:00-04:00,25.0,22.590074945811573,False
2026-08-16 07:00:00-04:00,25.6,23.52982072725799,False
2026-08-16 08:00:00-04:00,26.1,24.9135946163142,False
2026-08-16 09:00:00-04:00,26.7,26.48576146824808,False
2026-08-16 10:00:00-04:00,27.8,27.97537959539901,False
2026-08-16 11:00:00-04:00,28.9,29.194696671643303,False
2026-08-16 12:00:00-04:00,31.1,30.07762556219951,False
2026-08-16 13:00:00-04:00,32.8,30.647189279372533,False
2026-08-16 14:00:00-04:00,33.3,30.94312254758661,False
2026-08-16 15:00:00-04:00,30.6,30.96197535919233,False
2026-08-16 16:00:00-04:00,29.4,30.65029508405161,False
2026-08-16 17:00:00-04:00,29.4,29.95474918770985,False
2026-08-16 18:00:00-04:00,29.4,28.89427945415158,False
2026-08-16 19:00:00-04:00,28.9,27.602577871583264,False
2026-08-16 20:00:00-04:00,27.8,26.30509117473087,False
2026-08-16 21:00:00-04:00,27.8,25.234333924858362,False
2026-08-16 22:00:00-04:00,26.7,24.526895511676788,False
2026-08-16 23:00:00-04:00,26.7,24.160943838615754,False
2026-08-17 00:00:00-04:00,26.1,23.875424074347038,False
2026-08-17 01:00:00-04:00,26.1,23.660766425806386,False
2026-08-17 02:00:00-04:00,26.1,23.279544226068975,False
2026-08-17 03:00:00-04:00,25.6,22.75789946699428,False
2026-08-17 04:00:00-04:00,25.0,22.28417714771936,False
2026-08-17 05:00:00-04:00,25.0,22.12253346162649,False
2026-08-17 06:00:00-04:00,25.0,22.48410713371,False
2026-08-17 07:00:00-04:00,26.1,23.422755216072183,False
2026-08-17 08:00:00-04:00,27.8,24.80777714528553,False
2026-08-17 09:00:00-04:00,30.0,26.38331779884063,False
2026-08-17 10:00:00-04:00,31.7,27.877765588882347,False
2026-08-17 11:00:00-04:00,33.3,29.102523271908495,False
2026-08-17 12:00:00-04:00,33.9,29.990678239467954,False
2026-08-17 13:00:00-04:00,34.4,30.564512335884608,False
2026-08-17 14:00:00-04:00,35.6,30.863098288751743,False
2026-08-17 15:00:00-04:00,35.6,30.8824364218243,False
2026-08-17 16:00:00-04:00,36.1,30.56877439075529,False
2026-08-17 17:00:00-04:00,33.9,29.868935002970012,False
2026-08-17 18:00:00-04:00,26.1,28.802613227412856,False
2026-08-17 19:00:00-04:00,26.7,27.504788697174664,False
2026-08-17 20:00:00-04:00,26.7,26.20240301483159,False
2026-08-17 21:00:00-04:00,26.1,25.12916898727863,False
2026-08-17 22:00:00-04:00,26.7,24.42210554758084,False
2026-08-17 23:00:00-04:00,26.1,24.05883093843285,False
2026-08-18 00:00:00-04:00,26.7,23.77346550064494,False
2026-08-18 01:00:00-04:00,26.7,23.561647795760656,False
2026-08-18 02:00:00-04:00,25.6,23.181328226322844,False
2026-08-18 03:00:00-04:00,24.4,22.658258031194094,False
2026-08-18 04:00:00-04:00,24.4,22.181339815592935,False
2026-08-18 05:00:00-04:00,24.4,22.01596083786059,False
2026-08-18 06:00:00-04:00,24.4,22.37465697454293,False
2026-08-18 07:00:00-04:00,25.0,23.31234574184988,False
2026-08-18 08:00:00-04:00,26.7,24.69875504607652,False
2026-08-18 09:00:00-04:00,29.4,26.277813268857894,False
2026-08-18 10:00:00-04:00,30.6,27.777246763142546,False
2026-08-18 11:00:00-04:00,31.7,29.00761034987093,False
2026-08-18 12:00:00-04:00,32.2,29.90114298950753,False
2026-08-18 13:00:00-04:00,32.8,30.47934687086057,False
2026-08-18 14:00:00-04:00,33.3,30.780595711610992,False
2026-08-18 15:00:00-04:00,33.3,30.800325210792934,False
2026-08-18 16:00:00-04:00,33.9,30.484502496184543,False
2026-08-18 17:00:00-04:00,33.3,29.780154601501323,False
2026-08-18 18:00:00-04:00,31.1,28.707788263296813,False
2026-08-18 19:00:00-04:00,30.0,27.403713319521103,False
2026-08-18 20:00:00-04:00,28.3,26.09637474398185,False
2026-08-18 21:00:00-04:00,27.2,25.02065721714728,False
2026-08-18 22:00:00-04:00,27.2,24.31396465307219,False
2026-08-18 23:00:00-04:00,26.1,23.95332793875937,False
2026-08-19 00:00:00-04:00,25.0,23.668117825285748,False
2026-08-19 01:00:00-04:00,23.9,23.459024951002164,False
2026-08-19 02:00:00-04:00,23.3,23.07951022850575,False
2026-08-19 03:00:00-04:00,23.9,22.554972595988737,False
2026-08-19 04:00:00-04:00,23.3,22.074888460123805,False
2026-08-19 05:00:00-04:00,22.8,21.9058657735697,False
2026-08-19 06:00:00-04:00,22.8,22.26181115242307,False
2026-08-19 07:00:00-04:00,24.4,23.198677690015014,False
2026-08-19 08:00:00-04:00,26.1,24.58661151701925,False
2026-08-19 09:00:00-04:00,27.8,26.169329488522234,False
2026-08-19 10:00:00-04:00,30.0,27.673904321224033,False
2026-08-19 11:00:00-04:00,31.1,28.91003898823063,False
2026-08-19 12:00:00-04:00,31.7,29.809099177231754,False
2026-08-19 13:00:00-04:00,33.3,30.391767350682255,False
2026-08-19 14:00:00-04:00,33.9,30.695681233751763,False
2026-08-19 15:00:00-04:00,33.9,30.71569907211961,False
2026-08-19 16:00:00-04:00,33.9,30.39753013052089,False
2026-08-19 17:00:00-04:00,33.3,29.68845772375891,False
2026-08-19 18:00:00-04:00,32.8,28.6098601068688,False
2026-08-19 19:00:00-04:00,31.1,27.29941827010994,False
2026-08-19 20:00:00-04:00,29.4,25.987085282532604,False
2026-08-19 21:00:00-04:00,27.2,24.908887105178795,False
2026-08-19 22:00:00-04:00,26.1,24.20256534994064,False
2026-08-19 23:00:00-04:00,25.6,23.844525776250133,False
2026-08-20 00:00:00-04:00,25.0,23.55946924281441,False
2026-08-20 01:00:00-04:00,24.4,23.352981437102247,False
2026-08-20 02:00:00-04:00,23.9,22.97417175201854,False
2026-08-20 03:00:00-04:00,23.9,22.44812579384654,False
2026-08-20 04:00:00-04:00,23.9,21.964908578303287,False
2026-08-20 05:00:00-04:00,23.3,21.792336203150278,False
2026-08-20 06:00:00-04:00,24.4,22.145658062240862,False
2026-08-20 07:00:00-04:00,25.0,23.08183787312387,False
2026-08-20 08:00:00-04:00,27.2,24.471430973142663,False
2026-08-20 09:00:00-04:00,30.0,26.0579491302964,False
2026-08-20 10:00:00-04:00,31.1,27.56782037065802,False
2026-08-20 11:00:00-04:00,32.8,28.809890959842598,False
2026-08-20 12:00:00-04:00,33.3,29.714626586440517,False
2026-08-20 13:00:00-04:00,35.0,30.30184840067988,False
2026-08-20 14:00:00-04:00,28.9,30.60842129236805,False
2026-08-20 15:00:00-04:00,30.6,30.628615445675916,False
2026-08-20 16:00:00-04:00,32.8,30.30790842748962,False
2026-08-20 17:00:00-04:00,32.8,29.5938949892513,False
2026-08-20 18:00:00-04:00,31.1,28.508885689826705,False
2026-08-20 19:00:00-04:00,29.4,27.1919718704165,False
2026-08-20 20:00:00-04:00,28.9,25.874615563793242,False
2026-08-20 21:00:00-04:00,27.8,24.793949211503637,False
2026-08-20 22:00:00-04:00,27.8,24.088002204871568,False
2026-08-20 23:00:00-04:00,27.2,23.732517429078314,False
2026-08-21 00:00:00-04:00,26.7,23.447609860601705,False
2026-08-21 01:00:00-04:00,25.6,23.243602864852463,False
2026-08-21 02:00:00-04:00,26.1,22.865396516715585,False
2026-08-21 03:00:00-04:00,25.6,22.337802484772265,False
2026-08-21 04:00:00-04:00,25.6,21.85148776741678,False
2026-08-21 05:00:00-04:00,23.9,21.675461903675036,False
2026-08-21 06:00:00-04:00,23.3,22.02628763078596,False
2026-08-21 07:00:00-04:00,23.9,22.96191435490285,False
2026-08-21 08:00:00-04:00,23.9,24.35329887119482,False
2026-08-21 09:00:00-04:00,25.0,25.943755750426284,False
2026-08-21 10:00:00-04:00,25.6,27.459077737180273,False
2026-08-21 11:00:00-04:00,25.0,28.707248532787574,False
2026-08-21 12:00:00-04:00,24.4,29.61780522084662,False
2026-08-21 13:00:00-04:00,25.6,30.20966461099397,False
2026-08-21 14:00:00-04:00,27.2,30.518882164107488,False
2026-08-21 15:00:00-04:00,26.7,30.53913170351928,False
2026-08-21 16:00:00-04:00,26.7,30.215688777893277,False
2026-08-21 17:00:00-04:00,25.6,29.496517754705383,False
2026-08-21 18:00:00-04:00,25.0,28.404923179636334,False
2026-08-21 19:00:00-04:00,20.6,27.08144406112134,False
2026-08-21 20:00:00-04:00,21.1,25.759048339852725,False
2026-08-21 21:00:00-04:00,22.2,24.675935953152788,False
2026-08-21 22:00:00-04:00,22.2,23.97037160938029,False
2026-08-21 23:00:00-04:00,21.7,23.617397700702625,False
2026-08-22 00:00:00-04:00,21.7,23.332631491618805,False
2026-08-22 01:00:00-04:00,21.1,23.13097671493664,False
2026-08-22 02:00:00-04:00,21.1,22.753270255759382,False
2026-08-22 03:00:00-04:00,21.1,22.224089572499075,False
2026-08-22 04:00:00-04:00,21.1,21.734715541787292,False
2026-08-22 05:00:00-04:00,20.6,21.555334312479282,False
2026-08-22 06:00:00-04:00,20.6,21.903791137051112,False
2026-08-22 07:00:00-04:00,21.1,22.83899627402895,False
2026-08-22 08:00:00-04:00,21.7,24.232301534707215,False
2026-08-22 09:00:00-04:00,23.3,25.826833610655203,False
2026-08-22 10:00:00-04:00,23.9,27.34775977879577,False
2026-08-22 11:00:00-04:00,25.6,28.602194276203463,False
2026-08-22 12:00:00-04:00,26.1,29.518715106541446,False
2026-08-22 13:00:00-04:00,26.7,30.115290344628608,False
2026-08-22 14:00:00-04:00,27.2,30.427129787606926,False
2026-08-22 15:00:00-04:00,28.3,30.447304990862705,False
2026-08-22 16:00:00-04:00,28.9,30.120922685074603,False
2026-08-22 17:00:00-04:00,28.3,29.39637797297308,False
2026-08-22 18:00:00-04:00,28.3,28.298031828100314,False
2026-08-22 19:00:00-04:00,27.2,26.967906229717478,False
2026-08-22 20:00:00-04:00,26.1,25.64046798523815,False
2026-08-22 21:00:00-04:00,25.0,24.554941389294697,False
2026-08-22 22:00:00-04:00,25.0,23.849771557654012,False
2026-08-22 23:00:00-04:00,23.9,23.499263001655848,False
2026-08-23 00:00:00-04:00,22.8,23.21462744571149,False
2026-08-23 01:00:00-04:00,21.7,23.015192140801375,False
2026-08-23 02:00:00-04:00,21.1,22.637880526403123,False
2026-08-23 03:00:00-04:00,21.1,22.107075818601086,False
2026-08-23 04:00:00-04:00,20.6,21.614683147802694,False
2026-08-23 05:00:00-04:00,20.0,21.432046343681584,False
2026-08-23 06:00:00-04:00,20.6,21.77826103218545,False
2026-08-23 07:00:00-04:00,21.7,22.71317366811408,False
2026-08-23 08:00:00-04:00,23.3,24.108525979566465,False
2026-08-23 09:00:00-04:00,25.6,25.707267500593435,False
2026-08-23 10:00:00-04:00,27.8,27.233950200703845,False
2026-08-23 11:00:00-04:00,28.3,28.49481086742227,False
2026-08-23 12:00:00-04:00,29.4,29.41743609646293,False
2026-08-23 13:00:00-04:00,30.0,30.018799548254883,False
2026-08-23 14:00:00-04:00,30.6,30.333229589248695,False
2026-08-23 15:00:00-04:00,30.0,30.353192070172543,False
2026-08-23 16:00:00-04:00,30.0,30.023661622770717,False
2026-08-23 17:00:00-04:00,30.0,29.293528053131794,False
2026-08-23 18:00:00-04:00,28.9,28.188271819832146,False
2026-08-23 19:00:00-04:00,26.7,26.851431037021683,False
2026-08-23 20:00:00-04:00,23.3,25.51896029897373,False
2026-08-23 21:00:00-04:00,22.8,24.431061004824958,False
2026-08-23 22:00:00-04:00,22.2,23.726301422914766,False
2026-08-23 23:00:00-04:00,21.7,23.37821112995637,False
2026-08-24 00:00:00-04:00,20.6,23.093692319949287,False
2026-08-24 01:00:00-04:00,19.4,22.896339770268295,False
2026-08-24 02:00:00-04:00,19.4,22.519316519218826,False
2026-08-24 03:00:00-04:00,18.3,21.986851655026562,False
2026-08-24 04:00:00-04:00,18.3,21.491483377714793,False
2026-08-24 05:00:00-04:00,18.9,21.305692204115445,False
2026-08-24 06:00:00-04:00,19.4,21.64979075956256,False
2026-08-24 07:00:00-04:00,20.6,22.584537298351783,False
2026-08-24 08:00:00-04:00,23.9,23.982059740555833,False
2026-08-24 09:00:00-04:00,26.7,25.585142561224032,False
2026-08-24 10:00:00-04:00,27.8,27.117732871594523,False
2026-08-24 11:00:00-04:00,28.9,28.38518090095293,False
2026-08-24 12:00:00-04:00,29.4,29.3140476774227,False
2026-08-24 13:00:00-04:00,30.6,29.920265566315198,False
2026-08-24 14:00:00-04:00,31.1,30.237246312659884,False
2026-08-24 15:00:00-04:00,31.1,30.25684916887826,False
2026-08-24 16:00:00-04:00,30.6,29.92395689581226,False
2026-08-24 17:00:00-04:00,30.6,29.188020722226216,False
2026-08-24 18:00:00-04:00,30.0,28.075704121106114,False
2026-08-24 19:00:00-04:00,27.8,26.732092243105384,False
2026-08-24 20:00:00-04:00,25.6,25.394612305606117,False
2026-08-24 21:00:00-04:00,25.0,24.304391492911797,False
2026-08-24 22:00:00-04:00,23.3,23.600061732919087,False
2026-08-24 23:00:00-04:00,23.3,23.254341050746067,False
2026-08-25 00:00:00-04:00,22.2,22.969921788624703,False
2026-08-25 01:00:00-04:00,21.1,22.774511506432408,False
2026-08-25 02:00:00-04:00,20.0,22.397668866290104,False
2026-08-25 03:00:00-04:00,19.4,21.863508995553538,False
2026-08-25 04:00:00-04:00,18.9,21.365210382698873,False
2026-08-25 05:00:00-04:00,18.3,21.176367209147966,False
2026-08-25 06:00:00-04:00,17.8,21.5184745754264,False
2026-08-25 07:00:00-04:00,18.9,22.453178475281057,False
2026-08-25 08:00:00-04:00,20.6,23.852990699324558,False
2026-08-25 09:00:00-04:00,22.8,25.46054411002111,False
2026-08-25 10:00:00-04:00,24.4,26.999191641821472,False
2026-08-25 11:00:00-04:00,25.6,28.273386699844444,False
2026-08-25 12:00:00-04:00,27.2,29.208628780241618,False
2026-08-25 13:00:00-04:00,27.8,29.81976095896928,False
2026-08-25 14:00:00-04:00,28.3,30.139243852465825,False
2026-08-25 15:00:00-04:00,29.4,30.15833183116729,False
2026-08-25 16:00:00-04:00,28.9,29.82185950411229,False
2026-08-25 17:00:00-04:00,28.9,29.079908889092728,False
2026-08-25 18:00:00-04:00,27.8,27.960390329550393,False
2026-08-25 19:00:00-04:00,25.0,26.609964533160372,False
2026-08-25 20:00:00-04:00,23.3,25.267512055762626,False
2026-08-25 21:00:00-04:00,22.2,24.17503053710118,False
2026-08-25 22:00:00-04:00,21.1,23.47115394521048,False
2026-08-25 23:00:00-04:00,20.0,23.127752675757968,False
2026-08-26 00:00:00-04:00,18.9,22.843412393476868,False
2026-08-26 01:00:00-04:00,18.9,22.649800328390526,False
2026-08-26 02:00:00-04:00,18.9,22.273029448889208,False
2026-08-26 03:00:00-04:00,18.3,21.73714104667012,False
2026-08-26 04:00:00-04:00,17.8,21.235959485662093,False
2026-08-26 05:00:00-04:00,18.3,21.044167598859282,False
2026-08-26 06:00:00-04:00,19.4,21.384407370574266,False
2026-08-26 07:00:00-04:00,20.6,22.31918888611712,False
2026-08-26 08:00:00-04:00,22.8,23.721406914237686,False
2026-08-26 09:00:00-04:00,25.6,25.333557468151408,False
2026-08-26 10:00:00-04:00,28.3,26.878410163951322,False
2026-08-26 11:00:00-04:00,29.4,28.159510129956814,False
2026-08-26 12:00:00-04:00,31.1,29.10125759353373,False
2026-08-26 13:00:00-04:00,31.1,29.717357324411406,False
2026-08-26 14:00:00-04:00,31.7,30.03928509279633,False
2026-08-26 15:00:00-04:00,31.1,30.057694774325338,False
2026-08-26 16:00:00-04:00,32.2,29.717420010378802,False
2026-08-26 17:00:00-04:00,30.6,28.969245510700198,False
2026-08-26 18:00:00-04:00,29.4,27.842392525147048,False
2026-08-26 19:00:00-04:00,28.3,26.48512334381286,False
2026-08-26 20:00:00-04:00,27.2,25.137748426808685,False
2026-08-26 21:00:00-04:00,25.6,24.043076593585045,False
2026-08-26 22:00:00-04:00,26.1,23.339680222739695,False
2026-08-26 23:00:00-04:00,26.1,22.99854664321561,False
2026-08-27 00:00:00-04:00,25.0,22.714261334710756,False
2026-08-27 01:00:00-04:00,24.4,22.522300092341762,False
2026-08-27 02:00:00-04:00,23.9,22.145491205156667,False
2026-08-27 03:00:00-04:00,22.2,21.607842118380642,False
2026-08-27 04:00:00-04:00,22.2,21.103826994286997,False
2026-08-27 05:00:00-04:00,22.2,20.909190355053084,False
2026-08-27 06:00:00-04:00,21.7,21.247684493530805,False
2026-08-27 07:00:00-04:00,23.3,22.182660424092496,False
2026-08-27 08:00:00-04:00,24.4,23.587396452551964,False
2026-08-27 09:00:00-04:00,26.1,25.204267790222822,False
2026-08-27 10:00:00-04:00,27.8,26.755471716181248,False
2026-08-27 11:00:00-04:00,30.0,28.043632417657903,False
2026-08-27 12:00:00-04:00,30.0,28.99201138166769,False
2026-08-27 13:00:00-04:00,30.0,29.613125126075392,False
2026-08-27 14:00:00-04:00,27.2,29.937431751028925,False
2026-08-27 15:00:00-04:00,24.4,29.954991750068896,False
2026-08-27 16:00:00-04:00,23.9,29.610688411973094,False
2026-08-27 17:00:00-04:00,23.9,28.85608346143224,False
2026-08-27 18:00:00-04:00,25.0,27.721773122996623,False
2026-08-27 19:00:00-04:00,24.4,26.35764469039623,False
2026-08-27 20:00:00-04:00,23.3,25.005410924168316,False
2026-08-27 21:00:00-04:00,23.3,23.908628674233515,False
2026-08-27 22:00:00-04:00,22.8,23.20574321046454,False
2026-08-27 23:00:00-04:00,22.2,22.866824098762642,False
2026-08-28 00:00:00-04:00,21.7,22.58256626337894,False
2026-08-28 01:00:00-04:00,21.7,22.392105333598668,False
2026-08-28 02:00:00-04:00,21.7,22.015147938299474,False
2026-08-28 03:00:00-04:00,21.7,21.475707435436487,False
2026-08-28 04:00:00-04:00,21.1,20.968910014793465,False
2026-08-28 05:00:00-04:00,21.7,20.771533019564018,False
2026-08-28 06:00:00-04:00,22.2,21.108401575660935,False
2026-08-28 07:00:00-04:00,22.8,22.04368502024452,False
2026-08-28 08:00:00-04:00,22.8,23.451047225355644,False
2026-08-28 09:00:00-04:00,23.3,25.072759897035127,False
2026-08-28 10:00:00-04:00,23.9,26.63045902910791,False
2026-08-28 11:00:00-04:00,25.0,27.9258339714546,False
2026-08-28 12:00:00-04:00,26.1,28.88096630742261,False
2026-08-28 13:00:00-04:00,28.9,29.507133525229676,False
2026-08-28 14:00:00-04:00,30.0,29.833744227238014,False
2026-08-28 15:00:00-04:00,31.1,29.850275411301354,False
2026-08-28 16:00:00-04:00,30.6,29.501714017323017,False
2026-08-28 17:00:00-04:00,29.4,28.74047540572602,False
2026-08-28 18:00:00-04:00,28.9,27.5985947282986,False
2026-08-28 19:00:00-04:00,27.8,26.227604995688218,False
2026-08-28 20:00:00-04:00,26.1,24.870589483867953,False
2026-08-28 21:00:00-04:00,25.0,23.77178613098812,False
2026-08-28 22:00:00-04:00,25.0,23.069445813536696,False
2026-08-28 23:00:00-04:00,24.4,22.73268647801645,False
2026-08-29 00:00:00-04:00,23.9,22.448425075687,False
2026-08-29 01:00:00-04:00,23.9,22.259311070043015,False
2026-08-29 02:00:00-04:00,23.3,21.882094125819965,False
2026-08-29 03:00:00-04:00,23.3,21.340832949486977,False
2026-08-29 04:00:00-04:00,22.8,20.831306266898004,False
2026-08-29 05:00:00-04:00,22.8,20.63129351432189,False
2026-08-29 06:00:00-04:00,22.8,20.96665435866225,False
2026-08-29 07:00:00-04:00,23.3,21.902354478076997,False
2026-08-29 08:00:00-04:00,23.9,23.312446825701,False
2026-08-29 09:00:00-04:00,24.4,24.939118111779088,False
2026-08-29 10:00:00-04:00,26.1,26.503454116320917,False
2026-08-29 11:00:00-04:00,27.8,27.806194208054897,False
2026-08-29 12:00:00-04:00,28.3,28.768197259841777,False
2026-08-29 13:00:00-04:00,28.3,29.399450219449356,False
2026-08-29 14:00:00-04:00,27.8,29.72828145980209,False
2026-08-29 15:00:00-04:00,26.7,29.7435971847081,False
2026-08-29 16:00:00-04:00,26.1,29.390545327286127,False
2026-08-29 17:00:00-04:00,26.1,28.622473674471664,False
2026-08-29 18:00:00-04:00,25.6,27.472919993990676,False
2026-08-29 19:00:00-04:00,25.0,26.095080920612332,False
2026-08-29 20:00:00-04:00,24.4,24.733374276858648,False
2026-08-29 21:00:00-04:00,23.9,23.632648442207532,False
2026-08-29 22:00:00-04:00,23.3,22.930890977676658,False
2026-08-29 23:00:00-04:00,22.8,22.59623529133325,False
2026-08-30 00:00:00-04:00,22.2,22.311935709776005,False
2026-08-30 01:00:00-04:00,21.7,22.124012607553496,False
2026-08-30 02:00:00-04:00,21.7,21.746424730282,False
2026-08-30 03:00:00-04:00,20.6,21.2033151526403,False
2026-08-30 04:00:00-04:00,21.1,20.691113900443394,False
2026-08-30 05:00:00-04:00,21.7,20.488569963625324,False
2026-08-30 06:00:00-04:00,21.7,20.82253852486854,False
2026-08-30 07:00:00-04:00,21.7,21.758760311513512,False
2026-08-30 08:00:00-04:00,22.8,23.171682370347618,False
2026-08-30 09:00:00-04:00,25.6,24.80342610011896,False
2026-08-30 10:00:00-04:00,25.6,26.374538109282057,False
2026-08-30 11:00:00-04:00,26.7,27.68479138334446,False
2026-08-30 12:00:00-04:00,27.2,28.653777687772255,False
2026-08-30 13:00:00-04:00,27.8,29.29014128743448,False
2026-08-30 14:00:00-04:00,28.3,29.621100787602973,False
2026-08-30 15:00:00-04:00,30.0,29.635007149588088,False
2026-08-30 16:00:00-04:00,30.0,29.277229921841954,False
2026-08-30 17:00:00-04:00,29.4,28.50213014556372,False
2026-08-30 18:00:00-04:00,29.4,27.344811481480463,False
2026-08-30 19:00:00-04:00,27.8,25.96014919739578,False
2026-08-30 20:00:00-04:00,26.7,24.59385551566467,False
2026-08-30 21:00:00-04:00,24.4,23.49131500154992,False
2026-08-30 22:00:00-04:00,23.3,22.790181472329863,False
2026-08-30 23:00:00-04:00,23.3,22.457571911363758,False
2026-08-31 00:00:00-04:00,22.2,22.173195945526857,False
2026-08-31 01:00:00-04:00,22.2,21.986305347925267,False
2026-08-31 02:00:00-04:00,21.7,21.60823501211471,False
2026-08-31 03:00:00-04:00,20.6,21.06325089291853,False
2026-08-31 04:00:00-04:00,21.1,20.54843131416501,False
2026-08-31 05:00:00-04:00,20.6,20.343460519069502,False
2026-08-31 06:00:00-04:00,21.1,20.676149530786713,False
2026-08-31 07:00:00-04:00,22.2,21.612993586549734,False
2026-08-31 08:00:00-04:00,24.4,23.02884034552364,False
2026-08-31 09:00:00-04:00,27.2,24.665766714581743,False
2026-08-31 10:00:00-04:00,28.9,26.243791096939148,False
2026-08-31 11:00:00-04:00,31.1,27.561702428746976,False
2026-08-31 12:00:00-04:00,32.2,28.53777943956234,False
2026-08-31 13:00:00-04:00,33.9,29.17927104062605,False
2026-08-31 14:00:00-04:00,33.9,29.5122578192317,False
2026-08-31 15:00:00-04:00,34.4,29.524553923300935,False
2026-08-31 16:00:00-04:00,34.4,29.161814352476462,False
2026-08-31 17:00:00-04:00,33.3,28.379496128982897,False
2026-08-31 18:00:00-04:00,32.8,27.214331524892597,False
2026-08-31 19:00:00-04:00,30.6,25.82288646566746,False
2026-08-31 20:00:00-04:00,29.4,24.452123263898454,False
2026-08-31 21:00:00-04:00,27.8,23.347884909967306,False
2026-08-31 22:00:00-04:00,27.2,22.64741967718789,False
2026-08-31 23:00:00-04:00,26.7,22.31679736396913,False
2026-09-01 00:00:00-04:00,26.1,22.032303207920616,False
2026-09-01 01:00:00-04:00,26.1,21.84628459979192,False
2026-09-01 02:00:00-04:00,26.1,21.46762034494583,False
2026-09-01 03:00:00-04:00,25.6,20.92073719208297,False
2026-09-01 04:00:00-04:00,25.0,20.403356977051725,False
2026-09-01 05:00:00-04:00,24.4,20.196063187562967,False
2026-09-01 06:00:00-04:00,23.9,20.527582444278263,False
2026-09-01 07:00:00-04:00,25.0,21.46514476699968,False
2026-09-01 08:00:00-04:00,26.7,22.88400645709932,False
2026-09-01 09:00:00-04:00,28.9,24.52622184366365,False
2026-09-01 10:00:00-04:00,31.1,26.111291970509313,False
2026-09-01 11:00:00-04:00,32.8,27.43700279342206,False
2026-09-01 12:00:00-04:00,33.9,28.42027260937092,False
2026-09-01 13:00:00-04:00,35.0,29.066901882051333,False
2026-09-01 14:00:00-04:00,35.6,29.40180630959528,False
2026-09-01 15:00:00-04:00,35.6,29.412284553688668,False
2026-09-01 16:00:00-04:00,36.1,29.04434404060398,False
2026-09-01 17:00:00-04:00,35.0,28.25462225677154,False
2026-09-01 18:00:00-04:00,33.9,27.081542099242455,False
2026-09-01 19:00:00-04:00,32.2,25.68336911196932,False
2026-09-01 20:00:00-04:00,30.6,24.30826724917182,False
2026-09-01 21:00:00-04:00,29.4,23.202456771376966,False
2026-09-01 22:00:00-04:00,28.9,22.502707372647237,False
2026-09-01 23:00:00-04:00,28.3,22.174012123055682,False
2026-09-02 00:00:00-04:00,27.2,21.889354374477207,False
2026-09-02 01:00:00-04:00,27.2,21.70404539305005,False
2026-09-02 02:00:00-04:00,26.1,21.324676033947473,False
2026-09-02 03:00:00-04:00,26.1,20.775871066297206,False
2026-09-02 04:00:00-04:00,25.0,20.25598925275004,False
2026-09-02 05:00:00-04:00,25.0,20.04647566285795,False
2026-09-02 06:00:00-04:00,24.4,20.376931785784684,False
2026-09-02 07:00:00-04:00,25.6,21.31530356471816,False
2026-09-02 08:00:00-04:00,27.8,22.73726548555373,False
2026-09-02 09:00:00-04:00,30.6,24.384872266049697,False
2026-09-02 10:00:00-04:00,32.8,25.97711827385117,False
2026-09-02 11:00:00-04:00,33.9,27.31076629273751,False
2026-09-02 12:00:00-04:00,35.6,28.30132539052385,False
2026-09-02 13:00:00-04:00,37.2,28.953094172809074,False
2026-09-02 14:00:00-04:00,36.7,29.28979804429683,False
2026-09-02 15:00:00-04:00,36.7,29.29824441881045,False
2026-09-02 16:00:00-04:00,36.7,28.924863182353338,False
2026-09-02 17:00:00-04:00,36.1,28.12755837825072,False
2026-09-02 18:00:00-04:00,35.0,26.946504692934532,False
2026-09-02 19:00:00-04:00,32.8,25.54167311314299,False
2026-09-02 20:00:00-04:00,31.1,24.16237667992224,False
2026-09-02 21:00:00-04:00,28.9,23.055128492562915,False
2026-09-02 22:00:00-04:00,27.8,22.356145534765727,False
2026-09-02 23:00:00-04:00,27.2,22.029315909874086,False
2026-09-03 00:00:00-04:00,26.7,21.74444558728168,False
2026-09-03 01:00:00-04:00,25.6,21.559682297274648,False
2026-09-03 02:00:00-04:00,25.0,21.179497137666623,False
2026-09-03 03:00:00-04:00,24.4,20.628749350085215,False
2026-09-03 04:00:00-04:00,25.0,20.106426227449507,False
2026-09-03 05:00:00-04:00,25.0,19.89479516100701,False
2026-09-03 06:00:00-04:00,25.0,20.22429137398329,False
2026-09-03 07:00:00-04:00,26.1,21.16355879466785,False
2026-09-03 08:00:00-04:00,27.8,22.588701146101066,False
2026-09-03 09:00:00-04:00,30.6,24.241797510327647,False
2026-09-03 10:00:00-04:00,32.8,25.841346059829345,False
2026-09-03 11:00:00-04:00,35.0,27.18306496343481,False
2026-09-03 12:00:00-04:00,35.6,28.181003936332303,False
2026-09-03 13:00:00-04:00,38.3,28.837906106583592,False
2026-09-03 14:00:00-04:00,36.1,29.17628273213893,False
2026-09-03 15:00:00-04:00,37.8,29.18247713430686,False
2026-09-03 16:00:00-04:00,36.1,28.803414660025467,False
2026-09-03 17:00:00-04:00,35.0,27.998353460810225,False
2026-09-03 18:00:00-04:00,28.9,26.809280184969538,False
2026-09-03 19:00:00-04:00,28.3,25.39787388404073,False
2026-09-03 20:00:00-04:00,28.9,24.014540066660196,False
2026-09-03 21:00:00-04:00,28.3,22.905997087847098,False
2026-09-03 22:00:00-04:00,29.4,22.2078341352625,False
2026-09-03 23:00:00-04:00,28.3,21.882807497314765,False
2026-09-04 00:00:00-04:00,27.2,21.597672070092287,False
2026-09-04 01:00:00-04:00,26.7,21.413289244600463,False
2026-09-04 02:00:00-04:00,26.1,21.032178293800484,False
2026-09-04 03:00:00-04:00,25.6,20.47946852403033,False
2026-09-04 04:00:00-04:00,25.0,19.95476554167556,False
2026-09-04 05:00:00-04:00,25.0,19.741118260145832,False
2026-09-04 06:00:00-04:00,24.4,20.06975417624563,False
2026-09-04 07:00:00-04:00,25.6,21.009998235184124,False
2026-09-04 08:00:00-04:00,27.2,22.43839595432713,False
2026-09-04 09:00:00-04:00,29.4,24.097075720560746,False
2026-09-04 10:00:00-04:00,31.7,25.70404975305714,False
2026-09-04 11:00:00-04:00,33.3,27.053968925887272,False
2026-09-04 12:00:00-04:00,34.4,28.059372228766605,False
2026-09-04 13:00:00-04:00,36.1,28.721393592553156,False
2026-09-04 14:00:00-04:00,37.2,29.061307906076316,False
2026-09-04 15:00:00-04:00,36.7,29.065024468687305,False
2026-09-04 16:00:00-04:00,36.1,28.680039960509028,False
2026-09-04 17:00:00-04:00,33.9,27.867055496584857,False
2026-09-04 18:00:00-04:00,32.8,26.669928727228843,False
2026-09-04 19:00:00-04:00,32.8,25.25204612999562,False
2026-09-04 20:00:00-04:00,29.4,23.864845048129432,False
2026-09-04 21:00:00-04:00,29.4,22.75515848905499,False
2026-09-04 22:00:00-04:00,26.1,22.057871947091638,False
2026-09-04 23:00:00-04:00,25.0,21.734584519715398,False
2026-09-05 00:00:00-04:00,25.6,21.449127951009025,False
2026-09-05 01:00:00-04:00,25.0,21.264959357529918,False
2026-09-05 02:00:00-04:00,25.0,20.882813549364098,False
2026-09-05 03:00:00-04:00,24.4,20.32812454664869,False
2026-09-05 04:00:00-04:00,24.4,19.801104226403403,False
2026-09-05 05:00:00-04:00,24.4,19.58554074498847,False
2026-09-05 06:00:00-04:00,23.3,19.91341216425628,False
2026-09-05 07:00:00-04:00,24.4,20.85470849377549,False
2026-09-05 08:00:00-04:00,26.7,22.286431097670544,False
2026-09-05 09:00:00-04:00,28.9,23.950783528067017,False
2026-09-05 10:00:00-04:00,31.7,25.565302019384845,False
2026-09-05 11:00:00-04:00,33.3,26.92354625383033,False
2026-09-05 12:00:00-04:00,34.4,27.936491955356765,False
2026-09-05 13:00:00-04:00,35.0,28.603610147034445,False
2026-09-05 14:00:00-04:00,35.6,28.94491883291943,False
2026-09-05 15:00:00-04:00,25.0,28.94592626681097,False
2026-09-05 16:00:00-04:00,24.4,28.55477910091971,False
2026-09-05 17:00:00-04:00,25.0,27.733711415312207,False
2026-09-05 18:00:00-04:00,25.6,26.52850963218868,False
2026-09-05 19:00:00-04:00,25.6,25.10426370447091,False
2026-09-05 20:00:00-04:00,24.4,23.713378222856676,False
2026-09-05 21:00:00-04:00,23.9,22.602707361284075,False
2026-09-05 22:00:00-04:00,25.0,21.906356356102794,False
2026-09-05 23:00:00-04:00,24.4,21.58474328867974,False
2026-09-06 00:00:00-04:00,23.9,21.298906091163772,False
2026-09-06 01:00:00-04:00,22.8,21.114784782112565,False
2026-09-06 02:00:00-04:00,21.7,20.73149619568298,False
2026-09-06 03:00:00-04:00,22.8,20.174812690856697,False
2026-09-06 04:00:00-04:00,22.8,19.645538543892233,False
2026-09-06 05:00:00-04:00,22.8,19.42815745640618,False
2026-09-06 06:00:00-04:00,22.8,19.75535617513332,False
2026-09-06 07:00:00-04:00,22.8,20.697774878780223,False
2026-09-06 08:00:00-04:00,24.4,22.13288631306535,False
2026-09-06 09:00:00-04:00,26.1,23.80299592973422,False
2026-09-06 10:00:00-04:00,27.2,25.425173642481592,False
2026-09-06 11:00:00-04:00,26.7,26.791862851921678,False
2026-09-06 12:00:00-04:00,27.2,27.81242239466729,False
2026-09-06 13:00:00-04:00,27.2,28.484606794179214,False
2026-09-06 14:00:00-04:00,27.2,28.8271584320648,False
2026-09-06 15:00:00-04:00,26.1,28.82522038180685,False
2026-09-06 16:00:00-04:00,26.7,28.42767056170628,False
2026-09-06 17:00:00-04:00,26.1,27.59836700364738,False
2026-09-06 18:00:00-04:00,25.6,26.385081266399204,False
2026-09-06 19:00:00-04:00,24.4,24.954599472291587,False
2026-09-06 20:00:00-04:00,23.3,23.560224986550455,False
2026-09-06 21:00:00-04:00,23.3,22.44873692496582,False
2026-09-06 22:00:00-04:00,22.2,21.75338317928349,False
2026-09-06 23:00:00-04:00,21.7,21.43337861538835,False
2026-09-07 00:00:00-04:00,21.1,21.14709791987464,False
2026-09-07 01:00:00-04:00,21.1,20.9628565269241,False
2026-09-07 02:00:00-04:00,21.7,20.578318608628287,False
2026-09-07 03:00:00-04:00,21.1,20.01962738543755,False
2026-09-07 04:00:00-04:00,20.0,19.48816383362438,False
2026-09-07 05:00:00-04:00,18.3,19.269062146445414,False
2026-09-07 06:00:00-04:00,17.8,19.595675778375558,False
2026-09-07 07:00:00-04:00,20.0,20.539281277182678,False
2026-09-07 08:00:00-04:00,22.2,21.97783977104391,False
2026-09-07 09:00:00-04:00,25.0,23.653786173180855,False
2026-09-07 10:00:00-04:00,26.7,25.2837334078383,False
2026-09-07 11:00:00-04:00,27.8,26.658982341466874,False
2026-09-07 12:00:00-04:00,28.3,27.687220310669495,False
2026-09-07 13:00:00-04:00,29.4,28.364431976013844,False
2026-09-07 14:00:00-04:00,30.0,28.708067203501898,False
2026-09-07 15:00:00-04:00,29.4,28.70294261565351,False
2026-09-07 16:00:00-04:00,28.9,28.298751227444015,False
2026-09-07 17:00:00-04:00,29.4,27.461066831190045,False
2026-09-07 18:00:00-04:00,27.8,26.239700950045002,False
2026-09-07 19:00:00-04:00,25.6,24.803125178844073,False
2026-09-07 20:00:00-04:00,23.9,23.405469375790595,False
2026-09-07 21:00:00-04:00,23.3,22.293338784692782,False
2026-09-07 22:00:00-04:00,22.8,21.599046490057997,False
2026-09-07 23:00:00-04:00,21.7,21.280583639862357,False
2026-09-08 00:00:00-04:00,21.1,20.993793276687743,False
2026-09-08 01:00:00-04:00,20.6,20.809264308255038,False
2026-09-08 02:00:00-04:00,20.6,20.423372094495434,False
2026-09-08 03:00:00-04:00,18.9,19.86266206189608,False
2026-09-08 04:00:00-04:00,17.8,19.32907436371798,False
2026-09-08 05:00:00-04:00,17.2,19.10834733912385,False
2026-09-08 06:00:00-04:00,16.7,19.434459148943695,False
2026-09-08 07:00:00-04:00,18.9,20.379310038874255,False
2026-09-08 08:00:00-04:00,22.2,21.821367966579874,False
2026-09-08 09:00:00-04:00,23.9,23.503225649053675,False
2026-09-08 10:00:00-04:00,26.1,25.141047994498116,False
2026-09-08 11:00:00-04:00,27.2,26.524965954622765,False
2026-09-08 12:00:00-04:00,28.3,27.560939856309187,False
2026-09-08 13:00:00-04:00,27.8,28.24313147208523,False
2026-09-08 14:00:00-04:00,29.4,28.587683165319227,False
2026-09-08 15:00:00-04:00,30.0,28.579126668613537,False
2026-09-08 16:00:00-04:00,29.4,28.168056335512517,False
2026-09-08 17:00:00-04:00,29.4,27.321854183458257,False
2026-09-08 18:00:00-04:00,27.8,26.092424862884904,False
2026-09-08 19:00:00-04:00,25.6,24.649911325611004,False
2026-09-08 20:00:00-04:00,23.9,23.249193918430993,False
2026-09-08 21:00:00-04:00,22.8,22.136602765262232,False
2026-09-08 22:00:00-04:00,22.2,21.44343845109692,False
2026-09-08 23:00:00-04:00,21.7,21.126449667620655,False
2026-09-09 00:00:00-04:00,20.6,20.83908026070836,False
2026-09-09 01:00:00-04:00,20.6,20.654096401899903,False
2026-09-09 02:00:00-04:00,19.4,20.26674674190936,False
2026-09-09 03:00:00-04:00,17.2,19.704009007073967,False
2026-09-09 04:00:00-04:00,18.3,19.168363188164534,False
2026-09-09 05:00:00-04:00,17.2,18.94610419732548,False
2026-09-09 06:00:00-04:00,17.2,19.271792946764318,False
2026-09-09 07:00:00-04:00,19.4,20.217941867624816,False
2026-09-09 08:00:00-04:00,22.8,21.663545616931035,False
2026-09-09 09:00:00-04:00,25.6,23.351383790731326,False
2026-09-09 10:00:00-04:00,27.2,24.997181874798137,False
2026-09-09 11:00:00-04:00,28.9,26.389872437366677,False
2026-09-09 12:00:00-04:00,30.0,27.433632486541335,False
2026-09-09 13:00:00-04:00,30.6,28.120748328949073,False
2026-09-09 14:00:00-04:00,30.6,28.466041800904435,False
2026-09-09 15:00:00-04:00,31.7,28.453804097690924,False
2026-09-09 16:00:00-04:00,31.1,28.035619432830682,False
2026-09-09 17:00:00-04:00,30.6,27.180771002021554,False
2026-09-09 18:00:00-04:00,29.4,25.94330795684823,False
2026-09-09 19:00:00-04:00,26.7,24.49502705238845,False
2026-09-09 20:00:00-04:00,26.1,23.09147949111742,False
2026-09-09 21:00:00-04:00,25.6,21.97861675536603,False
2026-09-09 22:00:00-04:00,25.0,21.286649155068893,False
2026-09-09 23:00:00-04:00,24.4,20.97106601414853,False
2026-09-10 00:00:00-04:00,23.9,20.683045087601933,False
2026-09-10 01:00:00-04:00,23.3,20.497439501917675,False
2026-09-10 02:00:00-04:00,22.8,20.108531280121024,False
2026-09-10 03:00:00-04:00,22.8,19.543759221879867,False
2026-09-10 04:00:00-04:00,22.2,19.006122010225333,False
2026-09-10 05:00:00-04:00,22.2,18.78242239609779,False
2026-09-10 06:00:00-04:00,21.7,19.107762202926523,False
2026-09-10 07:00:00-04:00,22.8,20.055255719010884,False
2026-09-10 08:00:00-04:00,24.4,21.504445566721905,False
2026-09-10 09:00:00-04:00,27.2,23.19832798168251,False
2026-09-10 10:00:00-04:00,30.0,24.852197222383886,False
2026-09-10 11:00:00-04:00,31.7,26.253757961494735,False
2026-09-10 12:00:00-04:00,33.9,27.305346881076403,False
2026-09-10 13:00:00-04:00,34.4,27.997322799708332,False
2026-09-10 14:00:00-04:00,35.6,28.343176016005266,False
2026-09-10 15:00:00-04:00,34.4,28.327004284253086,False
2026-09-10 16:00:00-04:00,34.4,27.901472340797255,False
2026-09-10 17:00:00-04:00,33.9,27.03785783198378,False
2026-09-10 18:00:00-04:00,32.2,25.79240387554439,False
2026-09-10 19:00:00-04:00,30.0,24.33854002651236,False
2026-09-10 20:00:00-04:00,29.4,22.932405184301047,False
2026-09-10 21:00:00-04:00,28.3,21.819466559333783,False
2026-09-10 22:00:00-04:00,27.2,21.128766473742782,False
2026-09-10 23:00:00-04:00,26.7,20.814519857572947,False
2026-09-11 00:00:00-04:00,26.1,20.525771954622154,False
2026-09-11 01:00:00-04:00,25.0,20.339378586713142,False
2026-09-11 02:00:00-04:00,25.0,19.948812944040263,False
2026-09-11 03:00:00-04:00,24.4,19.382002286470115,False
2026-09-11 04:00:00-04:00,23.9,18.842441052301556,False
2026-09-11 05:00:00-04:00,23.3,18.61739000263448,False
2026-09-11 06:00:00-04:00,23.3,18.942450212821164,False
2026-09-11 07:00:00-04:00,24.4,19.891328705526252,False
2026-09-11 08:00:00-04:00,26.7,21.34413870048442,False
2026-09-11 09:00:00-04:00,28.9,23.044123470705046,False
2026-09-11 10:00:00-04:00,31.1,24.706153828733814,False
2026-09-11 11:00:00-04:00,32.8,26.11667604588661,False
2026-09-11 12:00:00-04:00,33.3,27.17612887705541,False
2026-09-11 13:00:00-04:00,34.4,27.872892293780748,False
2026-09-11 14:00:00-04:00,35.0,28.2191161057892,False
2026-09-11 15:00:00-04:00,36.1,28.198754410931624,False
2026-09-11 16:00:00-04:00,34.4,27.76564512856005,False
2026-09-11 17:00:00-04:00,32.8,26.89315377698307,False
2026-09-11 18:00:00-04:00,31.1,25.639764880920684,False
2026-09-11 19:00:00-04:00,25.0,24.18051633939927,False
2026-09-11 20:00:00-04:00,25.0,22.772048175105525,False
2026-09-11 21:00:00-04:00,23.3,21.659235757312626,False
2026-09-11 22:00:00-04:00,24.4,20.969875915823994,False
2026-09-11 23:00:00-04:00,23.9,20.65689609991525,False
2026-09-12 00:00:00-04:00,23.9,20.367342913999863,False
2026-09-12 01:00:00-04:00,23.9,20.179996792766694,False
2026-09-12 02:00:00-04:00,23.3,19.787677346329414,False
2026-09-12 03:00:00-04:00,23.3,19.218826232196065,False
2026-09-12 04:00:00-04:00,23.3,18.677408932573808,False
2026-09-12 05:00:00-04:00,23.3,18.451093363207704,False
2026-09-12 06:00:00-04:00,23.3,18.775938436452382,False
2026-09-12 07:00:00-04:00,23.9,19.726236009080058,False
2026-09-12 08:00:00-04:00,25.0,21.182693862853903,False
2026-09-12 09:00:00-04:00,25.6,22.888833295249412,False
2026-09-12 10:00:00-04:00,27.8,24.559109028407292,False
2026-09-12 11:00:00-04:00,28.3,25.97867748724812,False
2026-09-12 12:00:00-04:00,29.4,27.046021411842542,False
2026-09-12 13:00:00-04:00,25.6,27.747491337045034,False
2026-09-12 14:00:00-04:00,27.8,28.093889732010535,False
2026-09-12 15:00:00-04:00,26.7,28.069079447888456,False
2026-09-12 16:00:00-04:00,27.2,27.62816609471171,False
2026-09-12 17:00:00-04:00,26.1,26.746696461853066,False
2026-09-12 18:00:00-04:00,25.6,25.485441787281168,False
2026-09-12 19:00:00-04:00,25.0,24.02102041068417,False
2026-09-12 20:00:00-04:00,25.0,22.6104836083821,False
2026-09-12 21:00:00-04:00,24.4,21.498005574242022,False
2026-09-12 22:00:00-04:00,25.0,20.810060493883146,False
2026-09-12 23:00:00-04:00,25.0,20.498277237267065,False
2026-09-13 00:00:00-04:00,25.0,20.20783775500129,False
2026-09-13 01:00:00-04:00,24.4,20.019375296317122,False
2026-09-13 02:00:00-04:00,23.9,19.625208356860885,False
2026-09-13 03:00:00-04:00,23.9,19.054317420613604,False
2026-09-13 04:00:00-04:00,23.9,18.51111254868612,False
2026-09-13 05:00:00-04:00,23.9,18.28361699729284,False
2026-09-13 06:00:00-04:00,23.9,18.608306406129877,False
2026-09-13 07:00:00-04:00,23.9,19.560050801065476,False
2026-09-13 08:00:00-04:00,24.4,21.020177786594967,False
2026-09-13 09:00:00-04:00,25.6,22.732518213007165,False
2026-09-13 10:00:00-04:00,26.1,24.411117633204203,False
2026-09-13 11:00:00-04:00,27.2,25.83981030051563,False
2026-09-13 12:00:00-04:00,28.3,26.915064476095182,False
2026-09-13 13:00:00-04:00,30.0,27.62115154248531,False
2026-09-13 14:00:00-04:00,30.6,27.967521910364134,False
2026-09-13 15:00:00-04:00,31.1,27.938002148505763,False
2026-09-13 16:00:00-04:00,32.2,27.489061757483782,False
2026-09-13 17:00:00-04:00,31.7,26.598522003065455,False
2026-09-13 18:00:00-04:00,30.6,25.329483902856367,False
2026-09-13 19:00:00-04:00,27.8,23.860114900214803,False
2026-09-13 20:00:00-04:00,27.2,22.447784486262723,False
2026-09-13 21:00:00-04:00,26.7,21.335854757956177,False
2026-09-13 22:00:00-04:00,26.1,20.649400600708606,False
2026-09-13 23:00:00-04:00,25.6,20.33874323920879,False
2026-09-14 00:00:00-04:00,25.0,20.047333894939044,False
2026-09-14 01:00:00-04:00,25.0,19.857593203278263,False
2026-09-14 02:00:00-04:00,23.3,19.46148798981968,False
2026-09-14 03:00:00-04:00,23.9,18.888560429829234,False
2026-09-14 04:00:00-04:00,22.8,18.34363696872883,False
2026-09-14 05:00:00-04:00,22.2,18.115043499107927,False
2026-09-14 06:00:00-04:00,21.7,18.439631641729058,False
2026-09-14 07:00:00-04:00,22.8,19.39284417016062,False
2026-09-14 08:00:00-04:00,25.6,20.856655028609836,False
2026-09-14 09:00:00-04:00,28.9,22.575236641921137,False
2026-09-14 10:00:00-04:00,30.0,24.262231875399337,False
2026-09-14 11:00:00-04:00,31.1,25.70011966907926,False
2026-09-14 12:00:00-04:00,31.1,26.78329507724214,False
2026-09-14 13:00:00-04:00,31.7,27.49390159142345,False
2026-09-14 14:00:00-04:00,32.2,27.840035008075173,False
2026-09-14 15:00:00-04:00,31.7,27.8055430545301,False
2026-09-14 16:00:00-04:00,31.7,27.348356853485075,False
2026-09-14 17:00:00-04:00,31.1,26.448664987049924,False
2026-09-14 18:00:00-04:00,28.9,25.171938979090225,False
2026-09-14 19:00:00-04:00,27.2,23.697860628138134,False
2026-09-14 20:00:00-04:00,26.7,22.284021566495774,False
2026-09-14 21:00:00-04:00,25.6,21.17285946671999,False
2026-09-14 22:00:00-04:00,24.4,20.48797389538722,False
2026-09-14 23:00:00-04:00,23.3,20.17837143776335,False
2026-09-15 00:00:00-04:00,21.7,19.88590627939278,False
2026-09-15 01:00:00-04:00,21.1,19.694727447646034,False
2026-09-15 02:00:00-04:00,20.0,19.296596298709066,False
2026-09-15 03:00:00-04:00,19.4,18.721637948435305,False
2026-09-15 04:00:00-04:00,18.9,18.175065329753124,False
2026-09-15 05:00:00-04:00,17.8,17.94545344676827,False
2026-09-15 06:00:00-04:00,17.2,18.269989573684317,False
2026-09-15 07:00:00-04:00,18.9,19.224685058000823,False
2026-09-15 08:00:00-04:00,20.6,20.692187914058373,False
2026-09-15 09:00:00-04:00,23.3,22.41704460875003,False
2026-09-15 10:00:00-04:00,24.4,24.112501360188613,False
2026-09-15 11:00:00-04:00,25.0,25.55964790495374,False
2026-09-15 12:00:00-04:00,25.0,26.650747213471192,False
2026-09-15 13:00:00-04:00,27.2,27.365767225398343,False
2026-09-15 14:00:00-04:00,27.2,27.711448751744506,False
2026-09-15 15:00:00-04:00,27.8,27.67172051067278,False
2026-09-15 16:00:00-04:00,27.8,27.20607434500405,False
2026-09-15 17:00:00-04:00,27.8,26.297158456463013,False
2026-09-15 18:00:00-04:00,25.6,25.01285316778686,False
2026-09-15 19:00:00-04:00,23.9,23.534316503289954,False
2026-09-15 20:00:00-04:00,22.8,22.1192632698232,False
2026-09-15 21:00:00-04:00,21.7,21.009093166477037,False
2026-09-15 22:00:00-04:00,20.6,20.325855199389363,False
2026-09-15 23:00:00-04:00,20.0,20.017236426150127,False
2026-09-16 00:00:00-04:00,20.0,19.723627291869423,False
2026-09-16 01:00:00-04:00,19.4,19.530852698626973,False
2026-09-16 02:00:00-04:00,18.9,19.1306112794939,False
2026-09-16 03:00:00-04:00,17.8,18.553630677264238,False
2026-09-16 04:00:00-04:00,17.2,18.00547874402764,False
2026-09-16 05:00:00-04:00,16.1,17.77492531923414,False
2026-09-16 06:00:00-04:00,16.1,18.09945347385798,False
2026-09-16 07:00:00-04:00,17.2,19.055640202838685,False
2026-09-16 08:00:00-04:00,20.6,20.526836488695906,False
2026-09-16 09:00:00-04:00,22.8,22.257995706295578,False
2026-09-16 10:00:00-04:00,25.6,23.961973027458043,False
2026-09-16 11:00:00-04:00,26.7,25.418434418997556,False
2026-09-16 12:00:00-04:00,27.8,26.517451858296948,False
2026-09-16 13:00:00-04:00,28.3,27.236771248720512,False
2026-09-16 14:00:00-04:00,28.9,27.581780245438885,False
2026-09-16 15:00:00-04:00,30.0,27.536550688640055,False
2026-09-16 16:00:00-04:00,30.0,27.0622354358685,False
2026-09-16 17:00:00-04:00,29.4,26.1440339044524,False
2026-09-16 18:00:00-04:00,28.3,24.85227098623511,False
2026-09-16 19:00:00-04:00,25.6,23.369539460073288,False
2026-09-16 20:00:00-04:00,24.4,21.95357559663077,False
2026-09-16 21:00:00-04:00,22.2,20.84462653805959,False
2026-09-16 22:00:00-04:00,21.7,20.163116402905274,False
2026-09-16 23:00:00-04:00,21.1,19.855409967575365,False
2026-09-17 00:00:00-04:00,20.6,19.56056667310532,True
2026-09-17 01:00:00-04:00,20.0,19.36604127669386,True
2026-09-17 02:00:00-04:00,18.9,18.96360878209215,True
2026-09-17 03:00:00-04:00,18.3,18.384617239168573,True
2026-09-17 04:00:00-04:00,17.8,17.83495621322505,True
2026-09-17 05:00:00-04:00,17.8,17.603535421207322,True
2026-09-17 06:00:00-04:00,17.2,17.92809439440518,True
2026-09-17 07:00:00-04:00,19.4,18.885774091285512,True
2026-09-17 08:00:00-04:00,22.2,20.360658479511386,True
2026-09-17 09:00:00-04:00,25.6,22.09814105937589,True
2026-09-17 10:00:00-04:00,27.8,23.81069112295992,True
2026-09-17 11:00:00-04:00,28.9,25.276515701252528,True
2026-09-17 12:00:00-04:00,30.6,26.38343695575008,True
2026-09-17 13:00:00-04:00,31.1,27.10693354169975,True
2026-09-17 14:00:00-04:00,32.8,27.45104399898541,True
2026-09-17 15:00:00-04:00,33.3,27.40004762053845,True
2026-09-17 16:00:00-04:00,33.3,26.91685959582955,True
2026-09-17 17:00:00-04:00,32.8,25.989321276938533,True
2026-09-17 18:00:00-04:00,31.1,24.690235290404303,True
2026-09-17 19:00:00-04:00,28.9,23.20358440398576,True
2026-09-17 20:00:00-04:00,28.3,21.787022053075937,True
2026-09-17 21:00:00-04:00,27.2,20.679527394581967,True
2026-09-17 22:00:00-04:00,26.7,19.999826381650365,True
2026-09-17 23:00:00-04:00,26.1,19.6929609142665,True
2026-09-18 00:00:00-04:00,26.1,19.396791450184846,True
2026-09-18 01:00:00-04:00,26.1,19.20036307874785,True
2026-09-18 02:00:00-04:00,25.6,18.79566243040049,True
2026-09-18 03:00:00-04:00,24.4,18.214674097010164,True
2026-09-18 04:00:00-04:00,24.4,17.663574550703434,True
2026-09-18 05:00:00-04:00,23.9,17.431357816109156,True
2026-09-18 06:00:00-04:00,23.3,17.75598111473178,True
2026-09-18 07:00:00-04:00,23.3,18.715148918204616,True
2026-09-18 08:00:00-04:00,25.0,20.19370926372489,True
2026-09-18 09:00:00-04:00,28.3,21.937529299603565,True
2026-09-18 10:00:00-04:00,31.1,23.658697178953908,True
2026-09-18 11:00:00-04:00,32.8,25.133925311447243,True
2026-09-18 12:00:00-04:00,32.8,26.24872742619865,True
2026-09-18 13:00:00-04:00,34.4,26.97627108451271,True
2026-09-18 14:00:00-04:00,34.4,27.319251966399733,True
2026-09-18 15:00:00-04:00,33.3,27.262223241572393,True
2026-09-18 16:00:00-04:00,30.0,26.769964593410847,True
2026-09-18 17:00:00-04:00,29.4,25.833048982910395,True
2026-09-18 18:00:00-04:00,26.7,24.52678725627983,True
2026-09-18 19:00:00-04:00,26.1,23.036504165929934,True
2026-09-18 20:00:00-04:00,25.6,21.619663586869994,True
2026-09-18 21:00:00-04:00,25.0,20.513860609208987,True
2026-09-18 22:00:00-04:00,24.4,19.836050924326923,True
2026-09-18 23:00:00-04:00,24.4,19.52995513692831,True
2026-09-19 00:00:00-04:00,23.9,19.232365875620907,True
2026-09-19 01:00:00-04:00,23.3,19.03388551253946,True
2026-09-19 02:00:00-04:00,23.3,18.626843551014463,True
2026-09-19 03:00:00-04:00,22.8,18.043875480017434,True
2026-09-19 04:00:00-04:00,22.8,17.49140831202341,True
2026-09-19 05:00:00-04:00,21.7,17.258464267249135,True
2026-09-19 06:00:00-04:00,22.2,17.58318009661916,True
2026-09-19 07:00:00-04:00,22.8,18.5438245548035,True
2026-09-19 08:00:00-04:00,23.9,20.026041846179215,True
2026-09-19 09:00:00-04:00,26.7,21.776206549001863,True
2026-09-19 10:00:00-04:00,27.8,23.50603000434367,True
2026-09-19 11:00:00-04:00,28.9,24.99069387967873,True
2026-09-19 12:00:00-04:00,29.4,26.113345182781643,True
2026-09-19 13:00:00-04:00,30.6,26.844797991646477,True
2026-09-19 14:00:00-04:00,28.9,27.186413594347176,True
2026-09-19 15:00:00-04:00,31.1,27.123087441922912,True
2026-09-19 16:00:00-04:00,31.1,26.621566537137276,True
2026-09-19 17:00:00-04:00,30.0,25.67524391270686,True
2026-09-19 18:00:00-04:00,28.3,24.361966369381474,True
2026-09-19 19:00:00-04:00,26.7,22.86834946541375,True
2026-09-19 20:00:00-04:00,26.1,21.45155853286233,True
2026-09-19 21:00:00-04:00,25.6,20.347688053460978,True
2026-09-19 22:00:00-04:00,25.0,19.67185267089883,True
2026-09-19 23:00:00-04:00,23.9,19.36645546476845,True
2026-09-20 00:00:00-04:00,23.3,19.06735137651458,True
2026-09-20 01:00:00-04:00,22.2,18.866673440474187,True
2026-09-20 02:00:00-04:00,21.7,18.457221110778665,True
2026-09-20 03:00:00-04:00,20.6,17.872293318645564,True
2026-09-20 04:00:00-04:00,20.0,17.31852973381863,True
2026-09-20 05:00:00-04:00,19.4,17.084924187270218,True
2026-09-20 06:00:00-04:00,19.4,17.409755447566717,True
2026-09-20 07:00:00-04:00,20.0,18.371858524948934,True
2026-09-20 08:00:00-04:00,22.8,19.85770684513684,True
2026-09-20 09:00:00-04:00,25.0,21.614216412467627,True
2026-09-20 10:00:00-04:00,26.7,23.352725684313064,True
2026-09-20 11:00:00-04:00,28.9,24.84684911725812,True
2026-09-20 12:00:00-04:00,29.4,25.977309158405024,True
2026-09-20 13:00:00-04:00,32.8,26.712525556823856,True
2026-09-20 14:00:00-04:00,32.2,27.052535880507065,True
2026-09-20 15:00:00-04:00,32.8,26.982648127668888,True
2026-09-20 16:00:00-04:00,32.8,26.471679925031985,True
2026-09-20 17:00:00-04:00,31.7,25.515931464230672,True
2026-09-20 18:00:00-04:00,30.0,24.19581042248265,True
2026-09-20 19:00:00-04:00,27.8,22.699168882721988,True
2026-09-20 20:00:00-04:00,27.2,21.282762568546396,True
2026-09-20 21:00:00-04:00,26.1,20.18106854618689,True
2026-09-20 22:00:00-04:00,25.6,19.50729106180529,True
2026-09-20 23:00:00-04:00,25.0,19.20252163620996,True
2026-09-21 00:00:00-04:00,24.4,18.90180651388125,True
2026-09-21 01:00:00-04:00,24.4,18.698789132900657,True
2026-09-21 02:00:00-04:00,23.9,18.286861663276014,True
2026-09-21 03:00:00-04:00,23.3,17.699997188049327,True
2026-09-21 04:00:00-04:00,23.3,17.145008681112607,True
2026-09-21 05:00:00-04:00,22.2,16.910804595932724,True
2026-09-21 06:00:00-04:00,22.8,17.23576889237913,True
2026-09-21 07:00:00-04:00,23.3,18.199305989705042,True
2026-09-21 08:00:00-04:00,25.0,19.688752486469298,True
2026-09-21 09:00:00-04:00,27.2,21.45159997906373,True
2026-09-21 10:00:00-04:00,29.4,23.19881758943838,True
2026-09-21 11:00:00-04:00,31.1,24.70241583767674,True
2026-09-21 12:00:00-04:00,32.2,25.84063534321985,True
2026-09-21 13:00:00-04:00,33.9,26.57946230828547,True
2026-09-21 14:00:00-04:00,34.4,26.917623441680558,True
2026-09-21 15:00:00-04:00,34.4,26.840911290584422,True
2026-09-21 16:00:00-04:00,33.3,26.32031770224443,True
2026-09-21 17:00:00-04:00,31.1,25.35513557701647,True
2026-09-21 18:00:00-04:00,25.6,24.028355521522904,True
2026-09-21 19:00:00-04:00,23.9,22.529008840111974,True
2026-09-21 20:00:00-04:00,22.2,21.11332867957727,True
2026-09-21 21:00:00-04:00,21.7,20.014057813305662,True
2026-09-21 22:00:00-04:00,22.8,19.342422298207726,True
2026-09-21 23:00:00-04:00,22.2,19.038210260377205,True
2026-09-22 00:00:00-04:00,21.7,18.735786952201863,True
2026-09-22 01:00:00-04:00,21.1,18.53029223095191,True
2026-09-22 02:00:00-04:00,21.1,18.115829304339538,True
2026-09-22 03:00:00-04:00,20.6,17.52705426025357,True
2026-09-22 04:00:00-04:00,20.6,16.97091260315095,True
2026-09-22 05:00:00-04:00,20.6,16.7361700862753,True
2026-09-22 06:00:00-04:00,20.6,17.06127975300241,True
2026-09-22 07:00:00-04:00,21.1,18.02621974007171,True
2026-09-22 08:00:00-04:00,21.7,19.519224606202307,True
2026-09-22 09:00:00-04:00,22.8,21.28839583209932,True
2026-09-22 10:00:00-04:00,22.8,23.04433639422669,True
2026-09-22 11:00:00-04:00,25.6,24.557415987620672,True
2026-09-22 12:00:00-04:00,25.6,25.703336832472385,True
2026-09-22 13:00:00-04:00,26.7,26.44561407427387,True
2026-09-22 14:00:00-04:00,28.3,26.781678591453964,True
2026-09-22 15:00:00-04:00,27.8,26.697881086619113,True
2026-09-22 16:00:00-04:00,27.2,26.167491326647045,True
2026-09-22 17:00:00-04:00,23.3,25.192878774050342,True
2026-09-22 18:00:00-04:00,21.1,23.85963609968082,True
2026-09-22 19:00:00-04:00,20.6,22.35791359205999,True
2026-09-22 20:00:00-04:00,20.0,20.943307135361664,True
2026-09-22 21:00:00-04:00,19.4,19.846708458385475,True
2026-09-22 22:00:00-04:00,18.9,19.177299313332796,True
2026-09-22 23:00:00-04:00,18.3,18.873574789411162,True
2026-09-23 00:00:00-04:00,18.3,18.56934543922787,True
2026-09-23 01:00:00-04:00,17.8,18.36123971898259,True
2026-09-23 02:00:00-04:00,17.2,17.944185636643574,True
2026-09-23 03:00:00-04:00,16.7,17.353529265080926,True
2026-09-23 04:00:00-04:00,16.1,16.79630649779342,True
2026-09-23 05:00:00-04:00,16.1,16.561082799167416,True
2026-09-23 06:00:00-04:00,16.1,16.886344936589058,True
2026-09-23 07:00:00-04:00,15.6,17.852650197876994,True
2026-09-23 08:00:00-04:00,15.6,19.349166661356175,True
2026-09-23 09:00:00-04:00,16.1,21.124640067930876,True
2026-09-23 10:00:00-04:00,16.1,22.889310105003243,True
2026-09-23 11:00:00-04:00,16.7,24.411868687932945,True
2026-09-23 12:00:00-04:00,16.7,25.56542388458621,True
2026-09-23 13:00:00-04:00,17.2,26.310984058535233,True
2026-09-23 14:00:00-04:00,17.2,26.64470142720079,True
2026-09-23 15:00:00-04:00,16.7,26.55355992284145,True
2026-09-23 16:00:00-04:00,16.7,26.013210842212985,True
2026-09-23 17:00:00-04:00,16.1,25.029182211213254,True
2026-09-23 18:00:00-04:00,16.1,23.6896849395491,True
2026-09-23 19:00:00-04:00,16.1,22.185925224557423,True
2026-09-23 20:00:00-04:00,16.1,20.772745474751694,True
2026-09-23 21:00:00-04:00,16.1,19.679069944098988,True
2026-09-23 22:00:00-04:00,16.7,19.011971754942593,True
2026-09-23 23:00:00-04:00,16.7,18.708665501638624,True
2026-09-24 00:00:00-04:00,16.1,18.402531796039227,True
2026-09-24 01:00:00-04:00,16.1,18.191685906616797,True
2026-09-24 02:00:00-04:00,16.1,17.77198974340494,True
2026-09-24 03:00:00-04:00,15.6,17.17948445987117,True
2026-09-24 04:00:00-04:00,15.6,16.621252884485756,True
2026-09-24 05:00:00-04:00,15.0,16.38560240624409,True
2026-09-24 06:00:00-04:00,15.0,16.711018931749635,True
2026-09-24 07:00:00-04:00,15.0,17.678645424754322,True
2026-09-24 08:00:00-04:00,15.0,19.17861974899755,True
2026-09-24 09:00:00-04:00,15.0,20.960366323392257,True
2026-09-24 10:00:00-04:00,15.0,22.73376409704433,True
2026-09-24 11:00:00-04:00,15.6,24.26579028439415,True
2026-09-24 12:00:00-04:00,16.1,25.426903989307093,True
2026-09-24 13:00:00-04:00,16.7,26.175572925624905,True
2026-09-24 14:00:00-04:00,17.2,26.506689926177984,True
2026-09-24 15:00:00-04:00,17.8,26.407948552599464,True
2026-09-24 16:00:00-04:00,17.8,25.857484959963028,True
2026-09-24 17:00:00-04:00,16.7,24.86406573419702,True
2026-09-24 18:00:00-04:00,16.7,23.518533203328403,True
2026-09-24 19:00:00-04:00,16.1,22.013083663428336,True
2026-09-24 20:00:00-04:00,16.1,20.60168850184388,True
2026-09-24 21:00:00-04:00,15.6,19.511188584561467,True
2026-09-24 22:00:00-04:00,15.6,18.84648597893125,True
2026-09-24 23:00:00-04:00,15.6,18.543529495589098,True
2026-09-25 00:00:00-04:00,15.0,18.235392917325242,True
2026-09-25 01:00:00-04:00,14.4,18.021682420393866,True
2026-09-25 02:00:00-04:00,13.9,17.59929817119838,True
2026-09-25 03:00:00-04:00,12.8,17.004979608001328,True
2026-09-25 04:00:00-04:00,12.2,16.445811785806885,True
2026-09-25 05:00:00-04:00,11.1,16.209786101189913,True
2026-09-25 06:00:00-04:00,10.6,16.535353812924935,True
2026-09-25 07:00:00-04:00,11.1,17.504251139112533,True
2026-09-25 08:00:00-04:00,13.3,19.007622633395357,True
2026-09-25 09:00:00-04:00,15.0,20.795605811737637,True
2026-09-25 10:00:00-04:00,16.1,22.577721160825796,True
2026-09-25 11:00:00-04:00,18.3,24.119194408164574,True
2026-09-25 12:00:00-04:00,19.4,25.287781945712354,True
2026-09-25 13:00:00-04:00,21.1,26.039378895774643,True
2026-09-25 14:00:00-04:00,21.7,26.36764005044488,True
2026-09-25 15:00:00-04:00,22.2,26.261046178627687,True
2026-09-25 16:00:00-04:00,22.8,25.700321146245884,True
2026-09-25 17:00:00-04:00,22.2,24.697547942717698,True
2026-09-25 18:00:00-04:00,21.1,23.34621047093168,True
2026-09-25 19:00:00-04:00,18.3,21.839426691613177,True
2026-09-25 20:00:00-04:00,16.7,20.430178291855597,True
2026-09-25 21:00:00-04:00,14.4,19.34310754852756,True
2026-09-25 22:00:00-04:00,13.3,18.680885054015647,True
2026-09-25 23:00:00-04:00,12.2,18.378210694822023,True
2026-09-26 00:00:00-04:00,11.7,18.067972781828438,True
2026-09-26 01:00:00-04:00,10.6,17.851278204971155,True
2026-09-26 02:00:00-04:00,10.0,17.426164921863972,True
2026-09-26 03:00:00-04:00,9.4,16.830071966190157,True
2026-09-26 04:00:00-04:00,11.1,16.27004071756246,True
2026-09-26 05:00:00-04:00,9.4,16.033688599315663,True
2026-09-26 06:00:00-04:00,10.6,16.359399252789895,True
2026-09-26 07:00:00-04:00,13.3,17.329510740983963,True
2026-09-26 08:00:00-04:00,15.6,18.83621178115055,True
2026-09-26 09:00:00-04:00,18.9,20.6303873669567,True
2026-09-26 10:00:00-04:00,21.1,22.421201557231267,True
2026-09-26 11:00:00-04:00,22.8,23.972092045702844,True
2026-09-26 12:00:00-04:00,23.3,25.14805994985805,True
2026-09-26 13:00:00-04:00,25.0,25.90239784905114,True
2026-09-26 14:00:00-04:00,25.6,26.227545860306407,True
2026-09-26 15:00:00-04:00,26.7,26.11285056380445,True
2026-09-26 16:00:00-04:00,26.7,25.541725718092557,True
2026-09-26 17:00:00-04:00,26.1,24.529646261827775,True
2026-09-26 18:00:00-04:00,24.4,23.172744785865873,True
2026-09-26 19:00:00-04:00,21.7,21.664989975335995,True
2026-09-26 20:00:00-04:00,20.0,20.258254207021327,True
2026-09-26 21:00:00-04:00,16.1,19.174866873390947,True
2026-09-26 22:00:00-04:00,16.1,18.51520877745597,True
2026-09-26 23:00:00-04:00,14.4,18.212749863495976,True
2026-09-27 00:00:00-04:00,14.4,17.900312472862694,True
2026-09-27 01:00:00-04:00,13.9,17.680519533815595,True
2026-09-27 02:00:00-04:00,12.8,17.252641453458015,True
2026-09-27 03:00:00-04:00,13.9,16.654816280545553,True
2026-09-27 04:00:00-04:00,13.9,16.093994687371552,True
2026-09-27 05:00:00-04:00,13.3,15.857362145347604,True
2026-09-27 06:00:00-04:00,13.3,16.18320254257808,True
2026-09-27 07:00:00-04:00,13.9,17.15446534461396,True
2026-09-27 08:00:00-04:00,16.7,18.664421404147085,True
2026-09-27 09:00:00-04:00,20.0,20.4647374962979,True
2026-09-27 10:00:00-04:00,21.7,22.26422308153875,True
2026-09-27 11:00:00-04:00,22.8,23.824491617949317,True
2026-09-27 12:00:00-04:00,25.0,25.007737691809538,True
2026-09-27 13:00:00-04:00,25.6,25.76462343850845,True
2026-09-27 14:00:00-04:00,26.1,26.086399635956877,True
2026-09-27 15:00:00-04:00,25.0,25.963358149240154,True
2026-09-27 16:00:00-04:00,26.1,25.3817039453631,True
2026-09-27 17:00:00-04:00,25.0,24.360377020106046,True
2026-09-27 18:00:00-04:00,23.3,22.998162708733666,True
2026-09-27 19:00:00-04:00,21.7,21.489807099045976,True
2026-09-27 20:00:00-04:00,21.1,20.085952922422003,True
2026-09-27 21:00:00-04:00,21.1,19.006503489900375,True
2026-09-27 22:00:00-04:00,20.6,18.349493701710585,True
2026-09-27 23:00:00-04:00,19.4,18.04718463258101,True
2026-09-28 00:00:00-04:00,17.8,17.732450208787967,True
2026-09-28 01:00:00-04:00,16.1,17.50945002928843,True
2026-09-28 02:00:00-04:00,14.4,17.078776690173065,True
2026-09-28 03:00:00-04:00,14.4,16.479264791288532,True
2026-09-28 04:00:00-04:00,13.9,15.91772620166942,True
2026-09-28 05:00:00-04:00,13.3,15.680856529326576,True
2026-09-28 06:00:00-04:00,13.3,16.0068086201934,True
2026-09-28 07:00:00-04:00,14.4,16.979153818633304,True
2026-09-28 08:00:00-04:00,17.2,18.492283510149242,True
2026-09-28 09:00:00-04:00,20.6,20.29868044081232,True
2026-09-28 10:00:00-04:00,22.8,22.106801135979218,True
2026-09-28 11:00:00-04:00,23.9,23.676399068535957,True
2026-09-28 12:00:00-04:00,24.4,24.866812461773907,True
2026-09-28 13:00:00-04:00,25.6,25.626047212010214,True
2026-09-28 14:00:00-04:00,26.7,25.94419200697562,True
2026-09-28 15:00:00-04:00,26.7,25.812564179353902,True
2026-09-28 16:00:00-04:00,25.6,25.220260159382136,True
2026-09-28 17:00:00-04:00,25.6,24.189755534481968,True
2026-09-28 18:00:00-04:00,24.4,22.82248937817422,True
2026-09-28 19:00:00-04:00,22.8,21.313909608997555,True
2026-09-28 20:00:00-04:00,21.7,19.913308461631566,True
2026-09-28 21:00:00-04:00,21.7,18.838051257474746,True
2026-09-28 22:00:00-04:00,21.1,18.18377317189872,True
2026-09-28 23:00:00-04:00,19.4,17.881549536584995,True
2026-09-29 00:00:00-04:00,20.0,17.564421383295,True
2026-09-29 01:00:00-04:00,20.6,17.338110692000082,True
2026-09-29 02:00:00-04:00,20.6,16.904617041126443,True
2026-09-29 03:00:00-04:00,20.0,16.30346724606222,True
2026-09-29 04:00:00-04:00,20.0,15.741285281024972,True
2026-09-29 05:00:00-04:00,20.0,15.50421911049091,True
2026-09-29 06:00:00-04:00,18.3,15.830260105953563,True
2026-09-29 07:00:00-04:00,18.9,16.803612833633544,True
2026-09-29 08:00:00-04:00,20.6,18.319827960848652,True
2026-09-29 09:00:00-04:00,22.8,20.132238243707416,True
2026-09-29 10:00:00-04:00,25.0,21.948948810636153,True
2026-09-29 11:00:00-04:00,26.7,23.527817960758078,True
2026-09-29 12:00:00-04:00,25.6,24.7252792650261,True
2026-09-29 13:00:00-04:00,26.1,25.48665874237205,True
2026-09-29 14:00:00-04:00,26.7,25.800912089301654,True
2026-09-29 15:00:00-04:00,26.1,25.660462833573813,True
2026-09-29 16:00:00-04:00,26.1,25.057397867738388,True
2026-09-29 17:00:00-04:00,26.7,24.01779620142934,True
2026-09-29 18:00:00-04:00,24.4,22.645748579038056,True
2026-09-29 19:00:00-04:00,21.7,21.137327065307044,True
2026-09-29 20:00:00-04:00,21.7,19.74035224203597,True
2026-09-29 21:00:00-04:00,21.1,18.669541009969276,True
2026-09-29 22:00:00-04:00,21.1,18.018077373913208,True
2026-09-29 23:00:00-04:00,20.0,17.715876060634386,True
2026-09-30 00:00:00-04:00,18.9,17.396258615325863,True
2026-09-30 01:00:00-04:00,18.3,17.166539939286004,True
2026-09-30 02:00:00-04:00,17.2,16.73020642789162,True
2026-09-30 03:00:00-04:00,16.7,16.127470921710348,True
2026-09-30 04:00:00-04:00,16.1,15.564719483648782,True
2026-09-30 05:00:00-04:00,16.1,15.32749484899534,True
2026-09-30 06:00:00-04:00,16.1,15.653597345789098,True
2026-09-30 07:00:00-04:00,16.7,16.62787691694499,True
2026-09-30 08:00:00-04:00,18.3,18.14708253714368,True
2026-09-30 09:00:00-04:00,22.2,19.965430826278368,True
2026-09-30 10:00:00-04:00,,21.79067697243136,True
2026-09-30 11:00:00-04:00,,23.37874958301871,True
2026-09-30 12:00:00-04:00,,24.583130945295384,True
2026-09-30 13:00:00-04:00,,25.346445765449868,True
2026-09-30 14:00:00-04:00,,25.656547629292135,True
2026-09-30 15:00:00-04:00,,25.5070473642754,True
2026-09-30 16:00:00-04:00,,24.893119874903363,True
2026-09-30 17:00:00-04:00,,23.844512594244165,True
2026-09-30 18:00:00-04:00,,22.467962817568925,True
2026-09-30 19:00:00-04:00,,20.960087102298406,True
2026-09-30 20:00:00-04:00,,19.567113129651833,True
2026-09-30 21:00:00-04:00,,18.50100061171516,True
2026-09-30 22:00:00-04:00,,17.852433392995767,True
2026-09-30 23:00:00-04:00,,17.55019269772105,True
