hour_local,predicted_temperature
2026-09-17 00:00:00-04:00,20.663191091992708
2026-09-17 01:00:00-04:00,20.512009781650864
2026-09-17 02:00:00-04:00,20.07391271825462
2026-09-17 03:00:00-04:00,19.432780199478298
2026-09-17 04:00:00-04:00,18.838058507404295
2026-09-17 05:00:00-04:00,18.608095932006304
2026-09-17 06:00:00-04:00,18.992943286059507
2026-09-17 07:00:00-04:00,20.065126593447214
2026-09-17 08:00:00-04:00,21.690665123521857
2026-09-17 09:00:00-04:00,23.589333969784143
2026-09-17 10:00:00-04:00,25.44728087170993
2026-09-17 11:00:00-04:00,27.021856314175942
2026-09-17 12:00:00-04:00,28.189610503339015
2026-09-17 13:00:00-04:00,28.92564492858824
2026-09-17 14:00:00-04:00,29.243011073096724
2026-09-17 15:00:00-04:00,29.14076383209181
2026-09-17 16:00:00-04:00,28.59776287193663
2026-09-17 17:00:00-04:00,27.61468944228891
2026-09-17 18:00:00-04:00,26.27120497286693
2026-09-17 19:00:00-04:00,24.751298946263624
2026-09-17 20:00:00-04:00,23.306938868828563
2026-09-17 21:00:00-04:00,22.168401467385358
2026-09-17 22:00:00-04:00,21.446015111354892
2026-09-17 23:00:00-04:00,21.079725126791036
2026-09-18 00:00:00-04:00,20.70746145708253
2026-09-18 01:00:00-04:00,20.423796334272794
2026-09-18 02:00:00-04:00,19.930428939363857
2026-09-18 03:00:00-04:00,19.27083073284429
2026-09-18 04:00:00-04:00,18.661587795762202
2026-09-18 05:00:00-04:00,18.39850376651672
2026-09-18 06:00:00-04:00,18.72118646189225
2026-09-18 07:00:00-04:00,19.70358203505057
2026-09-18 08:00:00-04:00,21.222418163532527
2026-09-18 09:00:00-04:00,23.013082382870643
2026-09-18 10:00:00-04:00,24.777225053647193
2026-09-18 11:00:00-04:00,26.283346419116647
2026-09-18 12:00:00-04:00,27.412428049220075
2026-09-18 13:00:00-04:00,28.1372235592327
2026-09-18 14:00:00-04:00,28.463547989727736
2026-09-18 15:00:00-04:00,28.38125024872479
2026-09-18 16:00:00-04:00,27.860876089386625
2026-09-18 17:00:00-04:00,26.89765123934647
2026-09-18 18:00:00-04:00,25.569359551653925
2026-09-18 19:00:00-04:00,24.06129270360841
2026-09-18 20:00:00-04:00,22.62879772688186
2026-09-18 21:00:00-04:00,21.50625057865756
2026-09-18 22:00:00-04:00,20.80750522526123
2026-09-18 23:00:00-04:00,20.47439863990042
2026-09-19 00:00:00-04:00,20.1437429269529
2026-09-19 01:00:00-04:00,19.908169530517405
2026-09-19 02:00:00-04:00,19.463578030001
2026-09-19 03:00:00-04:00,18.84682760809445
2026-09-19 04:00:00-04:00,18.268173271227106
2026-09-19 05:00:00-04:00,18.01914127323393
2026-09-19 06:00:00-04:00,18.338474766496294
2026-09-19 07:00:00-04:00,19.303059246414694
2026-09-19 08:00:00-04:00,20.79555105288079
2026-09-19 09:00:00-04:00,22.55846903281388
2026-09-19 10:00:00-04:00,24.29968420345002
2026-09-19 11:00:00-04:00,25.7913566726225
2026-09-19 12:00:00-04:00,26.914965676429915
2026-09-19 13:00:00-04:00,27.641172508142677
2026-09-19 14:00:00-04:00,27.972485478607023
2026-09-19 15:00:00-04:00,27.89574768100212
2026-09-19 16:00:00-04:00,27.379826760004747
2026-09-19 17:00:00-04:00,26.419826804239733
2026-09-19 18:00:00-04:00,25.094503758413246
2026-09-19 19:00:00-04:00,23.59046036751214
2026-09-19 20:00:00-04:00,22.164082555805113
2026-09-19 21:00:00-04:00,21.05027987077218
2026-09-19 22:00:00-04:00,20.363025199250824
2026-09-19 23:00:00-04:00,20.044027963205448
2026-09-20 00:00:00-04:00,19.729149550226484
2026-09-20 01:00:00-04:00,19.511268721628586
2026-09-20 02:00:00-04:00,19.08449755580071
2026-09-20 03:00:00-04:00,18.4836880559654
2026-09-20 04:00:00-04:00,17.916887390888903
2026-09-20 05:00:00-04:00,17.674009831043787
2026-09-20 06:00:00-04:00,17.993556484218246
2026-09-20 07:00:00-04:00,18.953852745374466
2026-09-20 08:00:00-04:00,20.440272125541966
2026-09-20 09:00:00-04:00,22.198311446831394
2026-09-20 10:00:00-04:00,23.937895656206628
2026-09-20 11:00:00-04:00,25.431526910865184
2026-09-20 12:00:00-04:00,26.55931339449394
2026-09-20 13:00:00-04:00,27.289617931142494
2026-09-20 14:00:00-04:00,27.622899342638203
2026-09-20 15:00:00-04:00,27.545181419329808
2026-09-20 16:00:00-04:00,27.02606123046267
2026-09-20 17:00:00-04:00,26.06246773963144
2026-09-20 18:00:00-04:00,24.73514239713182
2026-09-20 19:00:00-04:00,23.231931898191263
2026-09-20 20:00:00-04:00,21.809304572901922
2026-09-20 21:00:00-04:00,20.70130091791193
2026-09-20 22:00:00-04:00,20.020704502821253
2026-09-20 23:00:00-04:00,19.70835102745032
2026-09-21 00:00:00-04:00,19.399288478269742
2026-09-21 01:00:00-04:00,19.187434010848868
2026-09-21 02:00:00-04:00,18.766662071878002
2026-09-21 03:00:00-04:00,18.171516486245103
2026-09-21 04:00:00-04:00,17.609327425782567
2026-09-21 05:00:00-04:00,17.369341372118598
2026-09-21 06:00:00-04:00,17.690023505937813
2026-09-21 07:00:00-04:00,18.650590205664358
2026-09-21 08:00:00-04:00,20.137972879340225
2026-09-21 09:00:00-04:00,21.89914049015783
2026-09-21 10:00:00-04:00,23.64454162263357
2026-09-21 11:00:00-04:00,25.14577707791059
2026-09-21 12:00:00-04:00,26.280860982759112
2026-09-21 13:00:00-04:00,27.0157580890537
2026-09-21 14:00:00-04:00,27.3493495763283
2026-09-21 15:00:00-04:00,27.26769082587849
2026-09-21 16:00:00-04:00,26.742059943440765
2026-09-21 17:00:00-04:00,25.77198066785671
2026-09-21 18:00:00-04:00,24.440565928700867
2026-09-21 19:00:00-04:00,22.936844591372825
2026-09-21 20:00:00-04:00,21.5169436278469
2026-09-21 21:00:00-04:00,20.413444766027723
2026-09-21 22:00:00-04:00,19.737418872090508
2026-09-21 23:00:00-04:00,19.42855953628203
2026-09-22 00:00:00-04:00,19.12123223505936
2026-09-22 01:00:00-04:00,18.910677111626935
2026-09-22 02:00:00-04:00,18.491174391820593
2026-09-22 03:00:00-04:00,17.89758973359555
2026-09-22 04:00:00-04:00,17.337058521079292
2026-09-22 05:00:00-04:00,17.09847048149264
2026-09-22 06:00:00-04:00,17.420308165109354
2026-09-22 07:00:00-04:00,18.38248016668695
2026-09-22 08:00:00-04:00,19.873071624880332
2026-09-22 09:00:00-04:00,21.639991402286505
2026-09-22 10:00:00-04:00,23.393650634836924
2026-09-22 11:00:00-04:00,24.90426795135019
2026-09-22 12:00:00-04:00,26.047461917330896
2026-09-22 13:00:00-04:00,26.78673946068034
2026-09-22 14:00:00-04:00,27.119587966106938
2026-09-22 15:00:00-04:00,27.03245451317308
2026-09-22 16:00:00-04:00,26.498713868960188
2026-09-22 17:00:00-04:00,25.52082011409787
2026-09-22 18:00:00-04:00,24.184410622606556
2026-09-22 19:00:00-04:00,22.679634494417048
2026-09-22 20:00:00-04:00,21.26204826829258
2026-09-22 21:00:00-04:00,20.162484147204324
2026-09-22 22:00:00-04:00,19.490066516635405
2026-09-22 23:00:00-04:00,19.18325541793063
2026-09-23 00:00:00-04:00,18.875861221130098
2026-09-23 01:00:00-04:00,18.664549015542725
2026-09-23 02:00:00-04:00,18.24431167531909
2026-09-23 03:00:00-04:00,17.650572119486398
2026-09-23 04:00:00-04:00,17.0904358487008
2026-09-23 05:00:00-04:00,16.85251369375778
2026-09-23 06:00:00-04:00,17.175303040468616
2026-09-23 07:00:00-04:00,18.13933536145533
2026-09-23 08:00:00-04:00,19.63372353868079
2026-09-23 09:00:00-04:00,21.40714222926932
2026-09-23 10:00:00-04:00,23.16976032706867
2026-09-23 11:00:00-04:00,24.690213958006325
2026-09-23 12:00:00-04:00,25.84158020384289
2026-09-23 13:00:00-04:00,26.584864197733225
2026-09-23 14:00:00-04:00,26.916238741116707
2026-09-23 15:00:00-04:00,26.82272302165184
2026-09-23 16:00:00-04:00,26.28000676751486
2026-09-23 17:00:00-04:00,25.293648941505754
2026-09-23 18:00:00-04:00,23.951876709905527
2026-09-23 19:00:00-04:00,22.445895647481425
2026-09-23 20:00:00-04:00,21.030533506490006
2026-09-23 21:00:00-04:00,19.934692464035574
2026-09-23 22:00:00-04:00,19.265424363179854
2026-09-23 23:00:00-04:00,18.959930732869697
2026-09-24 00:00:00-04:00,18.65159194893412
2026-09-24 01:00:00-04:00,18.438536590651314
2026-09-24 02:00:00-04:00,18.016650268265273
2026-09-24 03:00:00-04:00,17.422002245617893
2026-09-24 04:00:00-04:00,16.861700801393575
2026-09-24 05:00:00-04:00,16.624069859990307
2026-09-24 06:00:00-04:00,16.94759908315028
2026-09-24 07:00:00-04:00,17.913421789333476
2026-09-24 08:00:00-04:00,19.41165539095624
2026-09-24 09:00:00-04:00,21.191698013596554
2026-09-24 10:00:00-04:00,22.963402422383812
2026-09-24 11:00:00-04:00,24.49372517002947
2026-09-24 12:00:00-04:00,25.65311382579336
2026-09-24 13:00:00-04:00,26.400034782099222
2026-09-24 14:00:00-04:00,26.729388313593322
2026-09-24 15:00:00-04:00,26.628880823369567
2026-09-24 16:00:00-04:00,26.07666247865438
2026-09-24 17:00:00-04:00,25.08151112270373
2026-09-24 18:00:00-04:00,23.73427494249114
2026-09-24 19:00:00-04:00,22.22714988571078
2026-09-24 20:00:00-04:00,20.814101830751543
2026-09-24 21:00:00-04:00,19.72196340683559
2026-09-24 22:00:00-04:00,19.055628740003907
2026-09-24 23:00:00-04:00,18.751041723299267
2026-09-25 00:00:00-04:00,18.441275943548362
2026-09-25 01:00:00-04:00,18.22594236656541
2026-09-25 02:00:00-04:00,17.801949772248275
2026-09-25 03:00:00-04:00,17.2060478366118
2026-09-25 04:00:00-04:00,16.64533087560723
2026-09-25 05:00:00-04:00,16.407796268958244
2026-09-25 06:00:00-04:00,16.731896558734736
2026-09-25 07:00:00-04:00,17.699364318298656
2026-09-25 08:00:00-04:00,19.201336482912915
2026-09-25 09:00:00-04:00,20.98794080264888
2026-09-25 10:00:00-04:00,22.76868804014179
2026-09-25 11:00:00-04:00,24.30879623194616
2026-09-25 12:00:00-04:00,25.476017438300104
2026-09-25 13:00:00-04:00,26.226246208529368
2026-09-25 14:00:00-04:00,26.55313998705052
2026-09-25 15:00:00-04:00,26.445184182970088
2026-09-25 16:00:00-04:00,25.8831077345184
2026-09-25 17:00:00-04:00,24.878997691382057
2026-09-25 18:00:00-04:00,23.526340032141785
2026-09-25 19:00:00-04:00,22.018252511018954
2026-09-25 20:00:00-04:00,20.60771471145577
2026-09-25 21:00:00-04:00,19.519365804464783
2026-09-25 22:00:00-04:00,18.855873386542207
2026-09-25 23:00:00-04:00,18.551935461912137
2026-09-26 00:00:00-04:00,18.240440197393966
2026-09-26 01:00:00-04:00,18.0224961741349
2026-09-26 02:00:00-04:00,17.596144448885152
2026-09-26 03:00:00-04:00,16.998827753151453
2026-09-26 04:00:00-04:00,16.43759080615726
2026-09-26 05:00:00-04:00,16.200053166125567
2026-09-26 06:00:00-04:00,16.524598881396063
2026-09-26 07:00:00-04:00,17.493564610114667
2026-09-26 08:00:00-04:00,18.999136203909806
2026-09-26 09:00:00-04:00,20.792195001827842
2026-09-26 10:00:00-04:00,22.581901424479497
2026-09-26 11:00:00-04:00,24.131690276301914
2026-09-26 12:00:00-04:00,25.30656102225368
2026-09-26 13:00:00-04:00,26.059805972877673
2026-09-26 14:00:00-04:00,26.383866163844697
2026-09-26 15:00:00-04:00,26.26808982619906
2026-09-26 16:00:00-04:00,25.695892529214653
2026-09-26 17:00:00-04:00,24.68275065084984
2026-09-26 18:00:00-04:00,23.32479749204336
2026-09-26 19:00:00-04:00,21.81600160928434
2026-09-26 20:00:00-04:00,20.408234553628542
2026-09-26 21:00:00-04:00,19.323824523945422
2026-09-26 22:00:00-04:00,18.663151170903554
2026-09-26 23:00:00-04:00,18.359683696902927
2026-09-27 00:00:00-04:00,18.046244341642623
2026-09-27 01:00:00-04:00,17.825456607647396
2026-09-27 02:00:00-04:00,17.39659199497715
2026-09-27 03:00:00-04:00,16.79778986631927
2026-09-27 04:00:00-04:00,16.23600207683666
2026-09-27 05:00:00-04:00,15.998414838321422
2026-09-27 06:00:00-04:00,16.323312144294192
2026-09-27 07:00:00-04:00,17.293642899856607
2026-09-27 08:00:00-04:00,18.80267686052848
2026-09-27 09:00:00-04:00,20.60207941465545
2026-09-27 10:00:00-04:00,22.400658642609873
2026-09-27 11:00:00-04:00,23.960026898515068
2026-09-27 12:00:00-04:00,25.142378120291653
2026-09-27 13:00:00-04:00,25.898374304616173
2026-09-27 14:00:00-04:00,26.219266528123015
2026-09-27 15:00:00-04:00,26.095347224572564
2026-09-27 16:00:00-04:00,25.512821989028087
2026-09-27 17:00:00-04:00,24.49063130925127
2026-09-27 18:00:00-04:00,23.127560744776044
2026-09-27 19:00:00-04:00,21.618356299665052
2026-09-27 20:00:00-04:00,20.213660365648217
2026-09-27 21:00:00-04:00,19.13337577930517
2026-09-27 22:00:00-04:00,18.47553698209726
2026-09-27 23:00:00-04:00,18.172404741489537
2026-09-28 00:00:00-04:00,17.85685291251612
2026-09-28 01:00:00-04:00,17.63304127203397
2026-09-28 02:00:00-04:00,17.201562785326725
2026-09-28 03:00:00-04:00,16.601252503194754
2026-09-28 04:00:00-04:00,16.038922697871406
2026-09-28 05:00:00-04:00,15.801269218235513
2026-09-28 06:00:00-04:00,16.126444917941946
2026-09-28 07:00:00-04:00,17.098020904553177
2026-09-28 08:00:00-04:00,18.610388129750067
2026-09-28 09:00:00-04:00,20.416028799663145
2026-09-28 10:00:00-04:00,22.223398902577106
2026-09-28 11:00:00-04:00,23.792251476299136
2026-09-28 12:00:00-04:00,24.98192447704509
2026-09-28 13:00:00-04:00,25.74042372193663
2026-09-28 14:00:00-04:00,26.057837980817272
2026-09-28 15:00:00-04:00,25.925484768170964
2026-09-28 16:00:00-04:00,25.332460718252012
2026-09-28 17:00:00-04:00,24.30124157280399
2026-09-28 18:00:00-04:00,22.933266461542164
2026-09-28 19:00:00-04:00,21.423983246242344
2026-09-28 20:00:00-04:00,20.02268401102252
2026-09-28 21:00:00-04:00,18.946733877465686
2026-09-28 22:00:00-04:00,18.291767827234317
2026-09-28 23:00:00-04:00,17.988861054364467
2026-09-29 00:00:00-04:00,17.67105454012201
2026-09-29 01:00:00-04:00,17.444070305954018
2026-09-29 02:00:00-04:00,17.009908042446707
2026-09-29 03:00:00-04:00,16.408094707532584
2026-09-29 04:00:00-04:00,15.845254400706455
2026-09-29 05:00:00-04:00,15.6075351522995
2026-09-29 06:00:00-04:00,15.932928314181215
2026-09-29 07:00:00-04:00,16.905638343279293
2026-09-29 08:00:00-04:00,18.421215725419625
2026-09-29 09:00:00-04:00,20.232992996456325
2026-09-29 10:00:00-04:00,22.049075065888214
2026-09-29 11:00:00-04:00,23.62732005169925
2026-09-29 12:00:00-04:00,24.824161405770674
2026-09-29 13:00:00-04:00,25.58492509733801
2026-09-29 14:00:00-04:00,25.898566832806548
2026-09-29 15:00:00-04:00,25.75751018675736
2026-09-29 16:00:00-04:00,25.153842106981177
2026-09-29 17:00:00-04:00,24.11364164031242
2026-09-29 18:00:00-04:00,22.740999532481286
2026-09-29 19:00:00-04:00,21.231987808248014
2026-09-29 20:00:00-04:00,19.834426975153086
2026-09-29 21:00:00-04:00,18.763033841788207
2026-09-29 22:00:00-04:00,18.11099232327557
2026-09-29 23:00:00-04:00,17.808217077541048
2026-09-30 00:00:00-04:00,17.488029613212685
2026-09-30 01:00:00-04:00,17.257744829069782
2026-09-30 02:00:00-04:00,16.820849144181583
2026-09-30 03:00:00-04:00,16.21755543419075
2026-09-30 04:00:00-04:00,15.654249790928256
2026-09-30 05:00:00-04:00,15.416474956944962
2026-09-30 06:00:00-04:00,15.742031236291592
2026-09-30 07:00:00-04:00,16.71576851509945
2026-09-30 08:00:00-04:00,18.234435684894027
2026-09-30 09:00:00-04:00,20.05224926833947
2026-09-30 10:00:00-04:00,21.876964356960247
2026-09-30 11:00:00-04:00,23.46450947569629
2026-09-30 12:00:00-04:00,24.66836685233722
2026-09-30 13:00:00-04:00,25.43116115930253
2026-09-30 14:00:00-04:00,25.74074597072919
2026-09-30 15:00:00-04:00,25.590732116149674
2026-09-30 16:00:00-04:00,24.976294505410618
2026-09-30 17:00:00-04:00,23.927180570450407
2026-09-30 18:00:00-04:00,22.550127592379155
2026-09-30 19:00:00-04:00,21.04175209941449
2026-09-30 20:00:00-04:00,19.64828173111931
2026-09-30 21:00:00-04:00,18.58167615149482
2026-09-30 22:00:00-04:00,17.93261915802366
2026-09-30 23:00:00-04:00,17.629891935725905
