model,hyper_name,hyper,fold,train_mae,val_mae,val_rmse
Linear (Burak),groups,temp,2022,2.386466089430126,2.7711699125036877,3.542329119172893
Linear (Burak),groups,temp + dew point,2022,2.387651658709051,2.8002323067198014,3.586219268711036
Linear (Burak),groups,temp + dew point + pressure,2022,2.368059877629339,2.7630559055781454,3.541856610785603
Linear (Burak),groups,temp,2023,2.5309785087932437,2.5043519617614076,3.1599312464676945
Linear (Burak),groups,temp + dew point,2023,2.537674813252372,2.502881438105442,3.1602859335861613
Linear (Burak),groups,temp + dew point + pressure,2023,2.498043532745248,2.475761676058217,3.1346928287228613
Linear (Burak),groups,temp,2024,2.4581236206096775,2.946625361842998,3.5285419311929873
Linear (Burak),groups,temp + dew point,2024,2.4655977398962934,2.9883222579193576,3.5767987819465215
Linear (Burak),groups,temp + dew point + pressure,2024,2.435331296081008,3.001412429678452,3.586132556626365
Linear (Burak),groups,temp,2025,2.559682722938186,2.8291217269317133,3.4303038244449042
Linear (Burak),groups,temp + dew point,2025,2.5701020922007074,2.8167342211619877,3.4199485465194246
Linear (Burak),groups,temp + dew point + pressure,2025,2.5528720582311166,2.8228587264542253,3.42452557488599
Linear (Burak),alpha,0.01,2022,2.3864798450392475,2.771197529819565,3.542355463422933
Linear (Burak),alpha,0.1,2022,2.386478586688458,2.771195007141109,3.542353056215727
Linear (Burak),alpha,1,2022,2.386466089430126,2.7711699125036877,3.542329119172893
Linear (Burak),alpha,10,2022,2.386350313292054,2.770931735622305,3.5421021978092426
Linear (Burak),alpha,100,2022,2.3856781924668287,2.769515029727989,3.540530549261667
Linear (Burak),alpha,1000,2022,2.384197754756359,2.766703555944262,3.536601100531036
Linear (Burak),alpha,10000.0,2022,2.38314497100948,2.7722341678151983,3.541434035202591
Linear (Burak),alpha,100000.0,2022,2.3896209662853924,2.779843576516102,3.54890412501912
Linear (Burak),alpha,1000000.0,2022,2.4107822882211556,2.7924299017593412,3.5548394270773653
Linear (Burak),alpha,0.01,2023,2.5309789839289283,2.504365677229218,3.1599404131405224
Linear (Burak),alpha,0.1,2023,2.530978940802423,2.5043644258467515,3.159939575995187
Linear (Burak),alpha,1,2023,2.5309785087932437,2.5043519617614076,3.1599312464676945
Linear (Burak),alpha,10,2023,2.5309753403405035,2.504232079657191,3.1598519229261237
Linear (Burak),alpha,100,2023,2.5310092084258504,2.5034090383302323,3.159314858723961
Linear (Burak),alpha,1000,2023,2.5309834896635506,2.5015255068559474,3.158335250793158
Linear (Burak),alpha,10000.0,2023,2.5311593964185763,2.5019288230968875,3.1616864562559464
Linear (Burak),alpha,100000.0,2023,2.535912929311778,2.502012073878586,3.166613891241952
Linear (Burak),alpha,1000000.0,2023,2.5520242497518066,2.4996077946419923,3.1657694321015546
Linear (Burak),alpha,0.01,2024,2.4581299695412056,2.9466161788375422,3.528536856626535
Linear (Burak),alpha,0.1,2024,2.458129390888791,2.94661699103374,3.5285373195253276
Linear (Burak),alpha,1,2024,2.4581236206096775,2.946625361842998,3.5285419311929873
Linear (Burak),alpha,10,2024,2.45806803222784,2.9467072524512186,3.5285863505414596
Linear (Burak),alpha,100,2024,2.4576824907376245,2.9473344981339706,3.5288912367310243
Linear (Burak),alpha,1000,2024,2.456871629039245,2.948120599652208,3.5281247113860186
Linear (Burak),alpha,10000.0,2024,2.4567318711174115,2.9448261201790227,3.5196811457823216
Linear (Burak),alpha,100000.0,2024,2.4591529022859424,2.9472524328845067,3.514201388971749
Linear (Burak),alpha,1000000.0,2024,2.46760916440101,2.9681921986487168,3.5247417261520426
Linear (Burak),alpha,0.01,2025,2.559682811486614,2.8291220400935955,3.4303008553961574
Linear (Burak),alpha,0.1,2025,2.5596828035273416,2.8291220114218967,3.430301125685455
Linear (Burak),alpha,1,2025,2.559682722938186,2.8291217269317133,3.4303038244449042
Linear (Burak),alpha,10,2025,2.5596818200540215,2.8291190995060562,3.4303304048886276
Linear (Burak),alpha,100,2025,2.559686284062874,2.829112765546456,3.4305611924327337
Linear (Burak),alpha,1000,2025,2.559593806176545,2.8297704350808384,3.4316707047036386
Linear (Burak),alpha,10000.0,2025,2.5593431705515735,2.8361451787438288,3.4365708687881193
Linear (Burak),alpha,100000.0,2025,2.5624409728275164,2.8498011966090746,3.4467281098069855
Linear (Burak),alpha,1000000.0,2025,2.5720138864500264,2.8648795696500584,3.4566088716715533
RF (fixed),max_depth,2,2022,3.827739098064965,5.001224965803802,6.181282804080543
RF (fixed),max_depth,2,2023,4.0312626142110535,4.194034689586888,5.185003240625897
RF (fixed),max_depth,2,2024,3.9184411577845095,4.159417605689809,5.095955860048215
RF (fixed),max_depth,2,2025,4.030966518862674,4.330136878980831,5.294784140485829
RF (fixed),max_depth,4,2022,2.578155384063142,3.7336885315870076,4.7901151124191985
RF (fixed),max_depth,4,2023,2.8557280488524195,3.142724411180475,3.9176634086033513
RF (fixed),max_depth,4,2024,2.76366889377603,3.3568670757488643,3.9776800306332034
RF (fixed),max_depth,4,2025,2.872942557914933,3.282186462779539,4.060614208982237
RF (fixed),max_depth,6,2022,1.8936869519041457,3.1709730696921423,4.020798792460716
RF (fixed),max_depth,6,2023,2.223044192495886,2.87620036545431,3.6112931502196126
RF (fixed),max_depth,6,2024,2.3189086589357544,3.2934060132822434,3.923010695324812
RF (fixed),max_depth,6,2025,2.491278754671469,2.9264569465309394,3.6033515974457386
RF (fixed),max_depth,8,2022,1.432149458964747,3.375135592218666,4.235042462052495
RF (fixed),max_depth,8,2023,1.9061158066232693,2.876123036259616,3.614883932184854
RF (fixed),max_depth,8,2024,2.05944805687618,3.122606778924482,3.79331412380012
RF (fixed),max_depth,8,2025,2.2219468148348476,2.9061843930358586,3.575128919431189
RF (fixed),max_depth,10,2022,1.2158293205765103,3.442754144602616,4.314060692147108
RF (fixed),max_depth,10,2023,1.6768266961440532,2.9252144087213736,3.694268744226744
RF (fixed),max_depth,10,2024,1.843738048896244,3.1064305853580794,3.770090597828931
RF (fixed),max_depth,10,2025,1.9922170122738043,2.9006459247742344,3.56888807095825
RF (fixed),max_depth,12,2022,1.1392696773156512,3.484829837688882,4.366708377652488
RF (fixed),max_depth,12,2023,1.5214074949373153,2.9286946047511164,3.7026656532873203
RF (fixed),max_depth,12,2024,1.7050503991961892,3.0934817883426335,3.7547633945434753
RF (fixed),max_depth,12,2025,1.8104363359991311,2.924246093075774,3.596549089212289
RF (fixed),max_depth,16,2022,1.1272492948750168,3.4954263791653477,4.37668121474601
RF (fixed),max_depth,16,2023,1.4299798910463657,2.938310134279682,3.7115143691918764
RF (fixed),max_depth,16,2024,1.596374616943326,3.074355396598953,3.7424713253234487
RF (fixed),max_depth,16,2025,1.6581329378471104,2.927572912410396,3.6127980504823163
RF (fixed),max_depth,20,2022,1.1155888955342033,3.493203450896004,4.378604216300172
RF (fixed),max_depth,20,2023,1.4213432778093145,2.9516653381296356,3.7289001012964578
RF (fixed),max_depth,20,2024,1.5764021499365284,3.1019692950724314,3.7607478062157362
RF (fixed),max_depth,20,2025,1.637960701250436,2.9426479026440497,3.636733158636978
RF (original push),max_depth,6,2022,1.8708582559546576,3.1561983070081254,4.001751034361291
RF (original push),max_depth,6,2023,2.233983702202174,2.901204521398374,3.6304432112417055
RF (original push),max_depth,6,2024,2.3262407680822315,3.295298770271296,3.932231062749935
RF (original push),max_depth,6,2025,2.503808264177207,2.901210324653247,3.5837196736023262
RF (original push),max_depth,16,2022,1.11378292013993,3.486968135449759,4.36593614420882
RF (original push),max_depth,16,2023,1.4193398635472907,2.9039010506817173,3.663075632599364
RF (original push),max_depth,16,2024,1.600150491113261,3.106716097949447,3.787694140250055
RF (original push),max_depth,16,2025,1.6728680813391863,2.9666137571459936,3.643155739914835
