hyper,train_mae_mean,train_mae_std,val_mae_mean,val_mae_std,val_rmse_mean,val_rmse_std
0.01,2.483817902498999,0.07770503919099347,2.76282535649498,0.18712368077991234,3.415283397146537,0.17738772941902833
0.1,2.4838174304767535,0.07770561706899097,2.7628246088608743,0.1871244818315504,3.415282769355424,0.1773876624413378
1.0,2.4838127354428083,0.07771135757644387,2.7628172407599516,0.18713255358669778,3.4152765303196198,0.17738700151878056
10.0,2.483768876478605,0.0777648915667458,2.7627475418091927,0.18721074044210123,3.4152177190413635,0.17738113452815787
100.0,2.4835140439232943,0.0780963588336067,2.762342832934662,0.1877749455148261,3.4148244592873467,0.1773377676668335
1000.0,2.482911669908925,0.07876879807455417,2.761530024383314,0.18894612194555574,3.413682941853463,0.1767595308968381
10000.0,2.4825948522742602,0.0791791049546099,2.7637835724587343,0.18854878102182326,3.4148431265072445,0.1747156384215826
100000.0,2.4867819426776574,0.07819156369098627,2.769727319972067,0.19122480929664176,3.4191118787599515,0.1735952496078191
1000000.0,2.5006073972059997,0.07505556387163208,2.7812773661750274,0.2011538462654151,3.425489864250629,0.17795630268217588
