model,fold,mae,rmse
Linear (two-stage),2022,2.766703555944262,3.536601100531036
Linear (two-stage),2023,2.5015255068559474,3.158335250793158
Linear (two-stage),2024,2.948120599652208,3.5281247113860186
Linear (two-stage),2025,2.8297704350808384,3.4316707047036386
"Random forest (fixed, chosen depth)",2022,3.1709730696921423,4.020798792460716
"Random forest (fixed, chosen depth)",2023,2.87620036545431,3.6112931502196126
"Random forest (fixed, chosen depth)",2024,3.2934060132822434,3.923010695324812
"Random forest (fixed, chosen depth)",2025,2.9264569465309394,3.6033515974457386
"Random forest (fixed, notebook depth 16)",2022,3.4954263791653477,4.37668121474601
"Random forest (fixed, notebook depth 16)",2023,2.938310134279682,3.7115143691918764
"Random forest (fixed, notebook depth 16)",2024,3.074355396598953,3.7424713253234487
"Random forest (fixed, notebook depth 16)",2025,2.927572912410396,3.6127980504823163
"Random forest (original push, UTC midnight, depth 16)",2022,3.486968135449759,4.36593614420882
"Random forest (original push, UTC midnight, depth 16)",2023,2.9039010506817173,3.663075632599364
"Random forest (original push, UTC midnight, depth 16)",2024,3.106716097949447,3.787694140250055
"Random forest (original push, UTC midnight, depth 16)",2025,2.9666137571459936,3.643155739914835
Fourier climatology only,2022,2.8477275637734523,3.598542037266182
Fourier climatology only,2023,2.545783179178008,3.200261010758503
Fourier climatology only,2024,3.075777453964589,3.6262187685470955
Fourier climatology only,2025,2.9560404625418406,3.5395594881116157
"Climatology baseline (same hour, +/-7 days)",2022,3.0912429625703983,4.010346268534592
"Climatology baseline (same hour, +/-7 days)",2023,2.55273994420249,3.237146645576716
"Climatology baseline (same hour, +/-7 days)",2024,3.195032124976228,3.745324724142626
"Climatology baseline (same hour, +/-7 days)",2025,2.9791514615247845,3.5616321083812443
Persistence (repeat last 24 h),2022,3.734665532879819,4.910989169795668
Persistence (repeat last 24 h),2023,3.730357142857143,4.706949859954638
Persistence (repeat last 24 h),2024,3.951913265306122,5.052304513357406
Persistence (repeat last 24 h),2025,3.8734602463605823,4.807557506939547
