,actual,Random forest (fixed),Linear (two-stage),Average of the two,Random forest (latest push),Random forest (original push),"Linear (two-stage, as pushed)",Baseline: Fourier climatology only,"Baseline: same hour, +/-7 days of prior years",Baseline: repeat last 24 h
2026-09-17 00:00:00-04:00,20.6,20.56627034641451,20.58420630297879,20.57523832469665,20.385220332383657,21.01142776200215,20.663191091992708,19.560566673105406,20.039024390243906,20.0
2026-09-17 01:00:00-04:00,20.0,20.54972064763986,20.54424533592857,20.546982991784212,20.269189989377345,20.89234337981514,20.512009781650864,19.36604127669394,19.651219512195123,19.4
2026-09-17 02:00:00-04:00,18.9,20.24499556988773,20.153909255722144,20.199452412804938,20.0800955051421,20.29905173171124,20.07391271825462,18.963608782092212,19.23048780487805,18.9
2026-09-17 03:00:00-04:00,18.3,20.24499556988773,19.52315010112724,19.884072835507485,19.89270926532105,20.190812359051755,19.432780199478294,18.3846172391686,18.909756097560976,17.8
2026-09-17 04:00:00-04:00,17.8,20.24499556988773,18.92095273654218,19.582974153214955,19.643368357245187,20.10574965173415,18.838058507404295,17.83495621322504,18.59268292682927,17.2
2026-09-17 05:00:00-04:00,17.8,20.24499556988773,18.678645504486816,19.461820537187272,19.640718334586264,20.077901378763656,18.608095932006304,17.60353542120728,18.385365853658534,16.1
2026-09-17 06:00:00-04:00,17.2,20.24499556988773,19.05317177269572,19.649083671291727,19.605731517260462,20.077901378763656,18.992943286059507,17.92809439440511,18.249999999999996,16.1
2026-09-17 07:00:00-04:00,19.4,19.854979935260875,20.118979305991665,19.986979620626272,19.89266661913974,19.49900417041191,20.065126593447214,18.885774091285434,19.010975609756095,17.2
2026-09-17 08:00:00-04:00,22.2,21.514733754783425,21.740680973832372,21.6277073643079,21.46312013053615,21.273074576340974,21.690665123521857,20.360658479511308,20.94390243902439,20.6
2026-09-17 09:00:00-04:00,25.6,22.60816736536892,23.63517775907193,23.121672562220425,22.95664490211932,22.82623153173968,23.589333969784143,22.098141059375827,22.829268292682922,22.8
2026-09-17 10:00:00-04:00,27.8,25.6249390113624,25.48597152032024,25.55545526584132,24.52889142288537,24.371714562340426,25.44728087170993,23.810691122959867,24.607317073170734,25.6
2026-09-17 11:00:00-04:00,28.9,27.05011557822137,27.04918887004098,27.049652224131172,24.25233671724977,24.83885705796573,27.021856314175945,25.276515701252492,25.92839506172839,26.7
2026-09-17 12:00:00-04:00,30.6,27.05011557822137,28.20206988641593,27.62609273231865,24.704977466311224,24.848709413952,28.189610503339015,26.383436955750057,27.029629629629632,27.8
2026-09-17 13:00:00-04:00,31.1,27.05011557822137,28.922094223081384,27.986104900651377,24.689358874139312,24.887800462890464,28.92564492858824,27.106933541699743,27.525925925925925,28.3
2026-09-17 14:00:00-04:00,32.8,27.05011557822137,29.225599880591737,28.137857729406555,24.690882839280924,24.900929495148524,29.243011073096724,27.451043998985412,27.725609756097562,28.9
2026-09-17 15:00:00-04:00,33.3,27.05011557822137,29.114788782167263,28.082452180194316,24.698820568218657,24.90678084649988,29.14076383209181,27.40004762053846,27.82439024390244,30.0
2026-09-17 16:00:00-04:00,33.3,27.05068991946717,28.57054004670045,27.81061498308381,24.72807357302967,24.953315368254067,28.59776287193663,26.916859595829564,27.563414634146344,30.0
2026-09-17 17:00:00-04:00,32.8,26.366478781510608,27.593779679516345,26.980129230513477,25.3523864150822,25.487581950263618,27.61468944228891,25.98932127693855,26.948780487804875,29.4
2026-09-17 18:00:00-04:00,31.1,24.632266455457376,26.26249883736281,25.44738264641009,24.751798964067188,24.916177243283723,26.27120497286693,24.690235290404324,25.49634146341463,28.3
2026-09-17 19:00:00-04:00,28.9,23.501353809137125,24.757484835049738,24.129419322093433,23.26619397476624,23.075992882235138,24.751298946263624,23.203584403985786,23.308536585365854,25.6
2026-09-17 20:00:00-04:00,28.3,22.71992658644581,23.32675272967739,23.0233396580616,22.5385078507883,22.33436270751893,23.306938868828563,21.787022053075972,22.236585365853657,24.4
2026-09-17 21:00:00-04:00,27.2,21.462422768244277,22.19683357891929,21.82962817358178,21.878642991956635,21.939050865233344,22.16840146738536,20.679527394582013,21.674390243902437,22.2
2026-09-17 22:00:00-04:00,26.7,20.584599307897093,21.475393940565315,21.029996624231202,20.6963765167837,21.38706318208105,21.446015111354892,19.99982638165043,21.05365853658537,21.7
2026-09-17 23:00:00-04:00,26.1,20.584599307897093,21.10137940843664,20.842989358166868,20.471242046889166,21.19606947841378,21.079725126791036,19.69296091426658,20.587804878048782,21.1
2026-09-18 00:00:00-04:00,26.1,20.56627034641451,20.713533507292187,20.639901926853348,20.420678613111143,21.08461781669565,20.70746145708253,19.39679145018493,20.046913580246915,20.0
2026-09-18 01:00:00-04:00,26.1,20.54972064763986,20.408768758901218,20.47924470327054,20.262146897606197,20.90521592883475,20.423796334272794,19.20036307874793,19.63456790123457,19.4
2026-09-18 02:00:00-04:00,25.6,20.24499556988773,19.89202753640674,20.068511553147236,20.06353201929229,20.32282642527661,19.930428939363857,18.79566243040055,19.24691358024691,18.9
2026-09-18 03:00:00-04:00,24.4,20.24499556988773,19.210144430604796,19.727570000246264,19.870627310374683,20.18692432502609,19.27083073284429,18.214674097010192,18.950617283950617,17.8
2026-09-18 04:00:00-04:00,24.4,20.24499556988773,18.582450556282875,19.413723063085303,19.619501238179847,20.14572905065868,18.6615877957622,17.663574550703427,18.637037037037036,17.2
2026-09-18 05:00:00-04:00,23.9,20.24499556988773,18.306359499338015,19.275677534612875,19.616851215520928,20.117880777688185,18.39850376651672,17.431357816109116,18.400000000000002,16.1
2026-09-18 06:00:00-04:00,23.3,20.24499556988773,18.62176359493442,19.433379582411078,19.55720598579942,20.117880777688185,18.72118646189225,17.755981114731714,18.267901234567898,16.1
2026-09-18 07:00:00-04:00,23.3,19.854979935260875,19.601718456650044,19.72834919595546,19.832462273310664,19.57380784120132,19.70358203505057,18.715148918204537,18.985185185185188,17.2
2026-09-18 08:00:00-04:00,25.0,21.514733754783425,21.121303967576605,21.318018861180015,21.900134516302952,22.070325083881453,21.222418163532527,20.193709263724816,20.944444444444443,20.6
2026-09-18 09:00:00-04:00,28.3,22.60816736536892,22.914053490820212,22.761110428094568,23.348898150077716,23.293263763444557,23.013082382870643,21.937529299603497,22.83086419753086,22.8
2026-09-18 10:00:00-04:00,31.1,25.6249390113624,24.68008514474627,25.152512078054336,24.763673377958845,24.724540939852258,24.777225053647193,23.658697178953854,24.649382716049384,25.6
2026-09-18 11:00:00-04:00,32.8,27.05011557822137,26.18705961436356,26.618587596292464,24.85875563766903,25.046411711859633,26.283346419116647,25.133925311447207,25.996250000000003,26.7
2026-09-18 12:00:00-04:00,32.8,27.05011557822137,27.315943551159904,27.183029564690635,25.45018823359443,25.139278847557858,27.412428049220075,26.24872742619863,27.046249999999997,27.8
2026-09-18 13:00:00-04:00,34.4,27.05011557822137,28.040182352928483,27.545148965574924,25.492829254936183,25.203974063162992,28.1372235592327,26.976271084512703,27.536249999999995,28.3
2026-09-18 14:00:00-04:00,34.4,27.05011557822137,28.366677606407897,27.708396592314635,25.4943532200778,25.245956669925796,28.463547989727736,27.319251966399733,27.70493827160494,28.9
2026-09-18 15:00:00-04:00,33.3,27.05011557822137,28.28635618593714,27.668235882079255,25.51142335582441,25.251808021277142,28.38125024872479,27.262223241572407,27.81851851851852,30.0
2026-09-18 16:00:00-04:00,30.0,27.05068991946717,27.77045698928024,27.410573454373704,25.551593412102473,25.31552986828763,27.860876089386625,26.76996459341086,27.575308641975308,30.0
2026-09-18 17:00:00-04:00,29.4,26.366478781510608,26.81426692214386,26.590372851827233,26.054542628464077,25.940976817915757,26.89765123934647,25.833048982910412,26.959259259259255,29.4
2026-09-18 18:00:00-04:00,26.7,24.632266455457376,25.494940962555777,25.06360370900658,25.04956335470836,25.222222190563024,25.569359551653925,24.526787256279853,25.495061728395065,28.3
2026-09-18 19:00:00-04:00,26.1,23.501353809137125,23.99658821952535,23.74897101433124,23.550079800395732,23.30895962290099,24.06129270360841,23.03650416592996,23.288888888888888,25.6
2026-09-18 20:00:00-04:00,25.6,22.71992658644581,22.57310375491342,22.646515170679614,22.786096293076813,22.71543993374147,22.62879772688186,21.619663586870026,22.22962962962963,24.4
2026-09-18 21:00:00-04:00,25.0,21.462422768244277,21.457491946775004,21.45995735750964,22.063323017806898,22.11995779755732,21.50625057865756,20.513860609209033,21.66049382716049,22.2
2026-09-18 22:00:00-04:00,24.4,20.584599307897093,20.762636623273984,20.67361796558554,20.82839116669255,21.42085524424675,20.80750522526123,19.83605092432699,21.040740740740745,21.7
2026-09-18 23:00:00-04:00,24.4,20.584599307897093,20.43001765435529,20.50730848112619,20.51052366903941,21.231071432490715,20.47439863990042,19.529955136928393,20.57283950617284,21.1
2026-09-19 00:00:00-04:00,23.9,20.56627034641451,20.096757936106123,20.331514141260314,20.40481794560213,21.115530490648005,20.1437429269529,19.232365875621,20.017500000000002,20.0
2026-09-19 01:00:00-04:00,23.3,20.54972064763986,19.856361633016515,20.20304114032819,20.112815344706764,20.868257785946856,19.908169530517405,19.03388551253954,19.595000000000002,19.4
2026-09-19 02:00:00-04:00,23.3,20.24499556988773,19.405933132113727,19.82546435100073,19.605110596715313,20.311034039753917,19.463578030001,18.626843551014527,19.19625,18.9
2026-09-19 03:00:00-04:00,22.8,20.24499556988773,18.783580241223,19.514287905555364,19.28346383735642,20.07759797442231,18.84682760809445,18.043875480017462,18.905,17.8
2026-09-19 04:00:00-04:00,22.8,20.24499556988773,18.20057875460249,19.222787162245112,18.9343460058453,20.015256346073357,18.268173271227106,17.491408312023403,18.61375,17.2
2026-09-19 05:00:00-04:00,21.7,20.24499556988773,17.949057599918852,19.09702658490329,18.573994926434075,19.98740807310286,18.01914127323393,17.258464267249092,18.375,16.1
2026-09-19 06:00:00-04:00,22.2,20.24499556988773,18.26787442099136,19.256434995439548,18.53916841128256,19.950217457267083,18.338474766496297,17.583180096619095,18.19125,16.1
2026-09-19 07:00:00-04:00,22.8,19.854979935260875,19.23359632404205,19.544288129651463,19.39196715162832,19.46002853095369,19.303059246414698,18.54382455480342,18.925,17.2
2026-09-19 08:00:00-04:00,23.9,21.514733754783425,20.7282820828198,21.121507918801612,22.05395704841687,22.22406628419895,20.79555105288079,20.026041846179137,20.884999999999998,20.6
2026-09-19 09:00:00-04:00,26.7,22.60816736536892,22.493776472478416,22.55097191892367,23.641065739158407,23.445954556015412,22.55846903281388,21.776206549001795,22.783749999999994,22.8
2026-09-19 10:00:00-04:00,27.8,25.6249390113624,24.237394309599843,24.93116666048112,25.448259641633435,25.308690501851487,24.29968420345002,23.50603000434362,24.50125,25.6
2026-09-19 11:00:00-04:00,28.9,27.05011557822137,25.730993792899337,26.390554685560353,26.467585316799877,26.42362084459778,25.7913566726225,24.990693879678695,25.84050632911392,26.7
2026-09-19 12:00:00-04:00,29.4,27.05011557822137,26.85605511495426,26.953085346587812,27.607772856144656,27.450073498356105,26.914965676429915,26.113345182781618,26.86708860759493,27.8
2026-09-19 13:00:00-04:00,30.6,27.05011557822137,27.583500035028088,27.31680780662473,27.61099828646716,27.55624347905108,27.641172508142677,26.84479799164647,27.370886075949365,28.3
2026-09-19 14:00:00-04:00,28.9,27.05011557822137,27.91624211525885,27.48317884674011,27.62236695438461,27.564243479051083,27.972485478607023,27.18641359434718,27.522499999999997,28.9
2026-09-19 15:00:00-04:00,31.1,27.05011557822137,27.8415261339999,27.445820856110636,27.61662009058533,27.57009483040244,27.89574768100212,27.123087441922927,27.59375,30.0
2026-09-19 16:00:00-04:00,31.1,27.05068991946717,27.328479472517188,27.18958469599218,27.572756792813983,27.64948705764985,27.379826760004747,26.621566537137294,27.392500000000002,30.0
2026-09-19 17:00:00-04:00,30.0,26.366478781510608,26.372233115690687,26.36935594860065,27.710308423141615,27.574304237461444,26.419826804239733,25.675243912706886,26.741249999999997,29.4
2026-09-19 18:00:00-04:00,28.3,24.632266455457376,25.051315721465414,24.841791088461395,25.54490237045986,25.645582112895426,25.094503758413246,24.3619663693815,25.265,28.3
2026-09-19 19:00:00-04:00,26.7,23.501353809137125,23.551898753571233,23.52662628135418,23.867679200418124,23.6667160427591,23.59046036751214,22.868349465413775,23.205,25.6
2026-09-19 20:00:00-04:00,26.1,22.71992658644581,22.12983746852936,22.424882027487584,23.212370766604735,22.855388815540937,22.164082555805113,21.451558532862364,22.14,24.4
2026-09-19 21:00:00-04:00,25.6,21.462422768244277,21.01954006226864,21.240981415256456,22.362078306298777,22.198043592363387,21.05027987077218,20.347688053461027,21.59875,22.2
2026-09-19 22:00:00-04:00,25.0,20.584599307897093,20.334625513867813,20.459612410882453,20.816777198827076,21.360971058398636,20.363025199250824,19.671852670898897,20.907500000000002,21.7
2026-09-19 23:00:00-04:00,23.9,20.584599307897093,20.01667464072524,20.300636974311168,20.342596110777276,21.13482694132386,20.044027963205448,19.36645546476853,20.42,21.1
2026-09-20 00:00:00-04:00,23.3,20.56627034641451,19.701665727921057,20.133968037167783,20.217173533238437,21.099534285451597,19.729149550226484,19.06735137651467,19.86075949367089,20.0
2026-09-20 01:00:00-04:00,22.2,20.54972064763986,19.482800969178456,20.016260808409157,19.59265597648821,20.859049913290608,19.511268721628586,18.86667344047427,19.482278481012656,19.4
2026-09-20 02:00:00-04:00,21.7,20.24499556988773,19.05463787074928,19.649816720318505,18.98530705577831,20.34835237759402,19.08449755580071,18.45722111077873,19.046835443037974,18.9
2026-09-20 03:00:00-04:00,20.6,20.24499556988773,18.452489824033936,19.348742696960834,18.6120289518411,20.24942431405062,18.4836880559654,17.872293318645593,18.764556962025317,17.8
2026-09-20 04:00:00-04:00,20.0,20.24499556988773,17.884781422392074,19.0648884961399,18.432542564830108,20.183608492711997,17.916887390888903,17.31852973381862,18.483544303797466,17.2
2026-09-20 05:00:00-04:00,19.4,20.24499556988773,17.641650409784297,18.943322989836012,18.39284944367124,20.146517922822728,17.674009831043787,17.084924187270175,18.22025316455696,16.1
2026-09-20 06:00:00-04:00,19.4,20.24499556988773,17.9616416501313,19.103318610009516,18.37053867191426,20.146517922822728,17.993556484218246,17.40975544756665,18.063291139240505,16.1
2026-09-20 07:00:00-04:00,20.0,19.854979935260875,18.9229649312095,19.38897243323519,19.317678397636175,19.518070416594774,18.953852745374466,18.37185852494886,18.734177215189877,17.2
2026-09-20 08:00:00-04:00,22.8,21.514733754783425,20.410775346849658,20.96275455081654,22.067038000230795,22.21691168910356,20.440272125541966,19.857706845136764,20.69240506329114,20.6
2026-09-20 09:00:00-04:00,25.0,22.60816736536892,22.17032305876216,22.38924521206554,23.60389073915841,23.435065790720643,22.198311446831394,21.614216412467563,22.54556962025316,22.8
2026-09-20 10:00:00-04:00,26.7,25.6249390113624,23.91132962505976,24.768134318211082,25.40946182458562,25.26453091935381,23.937895656206628,23.352725684313018,24.234177215189874,25.6
2026-09-20 11:00:00-04:00,28.9,27.05011557822137,25.40618727885916,26.228151428540265,26.419836866881024,26.203710343421317,25.431526910865184,24.846849117258085,25.508974358974356,26.7
2026-09-20 12:00:00-04:00,29.4,27.05011557822137,26.53500562033864,26.792560599280005,27.418928269828275,27.15716013010566,26.55931339449394,25.977309158405006,26.510256410256407,27.8
2026-09-20 13:00:00-04:00,32.8,27.05011557822137,27.266244286698907,27.158179932460136,27.42215370015078,27.263330110800645,27.289617931142494,26.712525556823852,27.066666666666663,28.3
2026-09-20 14:00:00-04:00,32.2,27.05011557822137,27.600512110331987,27.32531384427668,27.411156230502097,27.2822753637459,27.622899342638203,27.05253588050707,27.229113924050633,28.9
2026-09-20 15:00:00-04:00,32.8,27.05011557822137,27.52398151913472,27.287048548678044,27.405409366702813,27.28812671509725,27.545181419329808,26.982648127668902,27.293670886075947,30.0
2026-09-20 16:00:00-04:00,32.8,27.05068991946717,27.006345943431313,27.028517931449244,27.24385760002876,27.353012244157103,27.02606123046267,26.471679925032003,27.092405063291142,30.0
2026-09-20 17:00:00-04:00,31.7,26.366478781510608,26.04454499846939,26.20551188999,27.57950906834558,27.36813012033754,26.06246773963144,25.515931464230693,26.46708860759493,29.4
2026-09-20 18:00:00-04:00,30.0,24.632266455457376,24.719237229153013,24.675751842305196,25.52753378071627,25.604475514437073,24.73514239713182,24.195810422482673,25.015189873417725,28.3
2026-09-20 19:00:00-04:00,27.8,23.501353809137125,23.218111335205982,23.359732572171552,23.84267577428337,23.6402296756316,23.231931898191263,22.699168882722017,23.068354430379745,25.6
2026-09-20 20:00:00-04:00,27.2,22.71992658644581,21.7974410475642,22.258683817005004,23.22828589962164,22.825244990346924,21.80930457290192,21.282762568546435,21.97594936708861,24.4
2026-09-20 21:00:00-04:00,26.1,21.462422768244277,20.6910830102036,21.07675288922394,22.301780048651707,22.156632610306637,20.70130091791193,20.18106854618694,21.415189873417717,22.2
2026-09-20 22:00:00-04:00,25.6,20.584599307897093,20.01169114607452,20.298145226985806,20.77517504453337,21.400254951840175,20.020704502821253,19.507291061805358,20.756962025316454,21.7
2026-09-20 23:00:00-04:00,25.0,20.584599307897093,19.700054359846565,20.142326833871827,20.368861039968888,21.176059676911596,19.70835102745032,19.20252163621004,20.241772151898736,21.1
2026-09-21 00:00:00-04:00,24.4,20.56627034641451,19.39126412748515,19.978767236949828,20.14370342897865,21.091162242318823,19.399288478269742,18.901806513881343,19.714102564102568,20.0
2026-09-21 01:00:00-04:00,24.4,20.54972064763986,19.17935704570479,19.864538846672325,19.42451383405905,20.840873718933807,19.187434010848868,18.69878913290074,19.347435897435897,19.4
2026-09-21 02:00:00-04:00,23.9,20.24499556988773,18.758371855701363,19.501683712794545,18.69056365906446,20.396962029958328,18.766662071878,18.286861663276078,18.95,18.9
2026-09-21 03:00:00-04:00,23.3,20.24499556988773,18.163022523963427,19.204009046925577,18.397590434127416,20.298033966414938,18.171516486245103,17.69999718804936,18.648717948717948,17.8
2026-09-21 04:00:00-04:00,23.3,20.24499556988773,17.60077845280716,18.922887011347445,18.21971061372912,20.21261030193905,17.609327425782567,17.1450086811126,18.39358974358974,17.2
2026-09-21 05:00:00-04:00,22.2,20.24499556988773,17.36096869785967,18.802982133873698,18.196540389332604,20.175519732049786,17.369341372118598,16.910804595932685,18.076923076923077,16.1
2026-09-21 06:00:00-04:00,22.8,20.24499556988773,17.682074879924116,18.963535224905925,18.196540389332604,20.175519732049786,17.690023505937813,17.235768892379067,17.925641025641024,16.1
2026-09-21 07:00:00-04:00,23.3,19.854979935260875,18.64327117285903,19.24912555405995,19.323663088317304,19.511630783032043,18.65059020566436,18.199305989704968,18.59871794871795,17.2
2026-09-21 08:00:00-04:00,25.0,21.485490363776353,20.131408941514263,20.808449652645308,22.048332834723738,22.203094974179084,20.137972879340225,19.688752486469227,20.58076923076923,20.6
2026-09-21 09:00:00-04:00,27.2,22.57892397436185,21.893366700023275,22.23614533719256,23.587567538165853,23.41651356153221,21.89914049015783,21.451599979063666,22.39358974358974,22.8
2026-09-21 10:00:00-04:00,29.4,25.59569562035533,23.639518487856943,24.617607054106138,25.454225012440073,25.19855192241221,23.64454162263357,23.198817589438328,24.038461538461537,25.6
2026-09-21 11:00:00-04:00,31.1,27.05011557822137,25.14142493117224,26.095770254696802,26.470351843472276,26.1110167375251,25.14577707791059,24.702415837676703,25.287012987012986,26.7
2026-09-21 12:00:00-04:00,32.2,27.05011557822137,26.2771009288689,26.663608253545135,27.48725358974706,27.08172875736443,26.280860982759112,25.840635343219837,26.307792207792204,27.8
2026-09-21 13:00:00-04:00,33.9,27.05011557822137,27.012547087475824,27.031331332848595,27.47542334439389,27.18789873805941,27.0157580890537,26.579462308285468,26.827272727272724,28.3
2026-09-21 14:00:00-04:00,34.4,27.05011557822137,27.346700000253772,27.19840778923757,27.478431677727222,27.20684399100466,27.3493495763283,26.91762344168056,27.008974358974356,28.9
2026-09-21 15:00:00-04:00,34.4,27.05011557822137,27.265669946681992,27.15789276245168,27.472684813927945,27.21269534235601,27.26769082587849,26.84091129058444,27.066666666666663,30.0
2026-09-21 16:00:00-04:00,33.3,27.05068991946717,26.740770689473116,26.895730304470142,27.273788524703615,27.25043760267221,26.742059943440765,26.32031770224445,26.85641025641026,30.0
2026-09-21 17:00:00-04:00,31.1,26.366478781510608,25.77153008455924,26.069004433034927,27.61491143731541,27.18986037026267,25.77198066785671,25.35513557701649,26.214102564102564,29.4
2026-09-21 18:00:00-04:00,25.6,24.632266455457376,24.441030752315307,24.53664860388634,25.45264857327135,25.572032114807577,24.440565928700867,24.02835552152293,24.770512820512824,28.3
2026-09-21 19:00:00-04:00,23.9,23.501353809137125,22.93824361678665,23.21979871296189,23.84103037825498,23.61827318960067,22.936844591372825,22.529008840112,22.844871794871796,25.6
2026-09-21 20:00:00-04:00,22.2,22.71992658644581,21.519224235307256,22.119575410876532,23.22828589962164,22.769162758959204,21.5169436278469,21.113328679577307,21.766666666666666,24.4
2026-09-21 21:00:00-04:00,21.7,21.462422768244277,20.41648686745243,20.939454817848354,22.307030623364355,22.118874678042825,20.413444766027723,20.014057813305712,21.198717948717945,22.2
2026-09-21 22:00:00-04:00,22.8,20.584599307897093,19.741054845671783,20.16282707678444,20.718989741274953,21.389910739316456,19.737418872090508,19.342422298207794,20.566666666666666,21.7
2026-09-21 23:00:00-04:00,22.2,20.584599307897093,19.43260469956328,20.00860200373019,20.336921001861985,21.174839446884103,19.42855953628203,19.03821026037729,20.064102564102566,21.1
2026-09-22 00:00:00-04:00,21.7,20.56627034641451,19.125518052876775,19.84589419964564,20.163051137468987,21.05459001533424,19.12123223505936,18.735786952201956,19.594805194805193,20.0
2026-09-22 01:00:00-04:00,21.1,20.54972064763986,18.915079131573684,19.73239988960677,19.378438041301717,20.85061948030048,18.910677111626935,18.530292230951993,19.166233766233766,19.4
2026-09-22 02:00:00-04:00,21.1,20.24499556988773,18.495628739602168,19.37031215474495,18.622403956213244,20.386066921580504,18.491174391820593,18.115829304339602,18.827272727272728,18.9
2026-09-22 03:00:00-04:00,20.6,20.24499556988773,17.902095259072574,19.07354541448015,18.38554279898909,20.285991628922137,17.89758973359555,17.527054260253603,18.50779220779221,17.8
2026-09-22 04:00:00-04:00,20.6,20.24499556988773,17.34166542198992,18.793330495938825,18.10869213125792,20.200567964446257,17.337058521079292,16.970912603150946,18.3,17.2
2026-09-22 05:00:00-04:00,20.6,20.24499556988773,17.103259456234408,18.67412751306107,18.085521906861405,20.154681881736472,17.09847048149264,16.73617008627526,17.955844155844158,16.1
2026-09-22 06:00:00-04:00,20.6,20.24499556988773,17.4253660792158,18.835180824551763,18.05759590111428,20.154681881736472,17.420308165109354,17.061279753002346,17.825974025974027,16.1
2026-09-22 07:00:00-04:00,21.1,19.854979935260875,18.387878474643003,19.121429204951937,19.335648957070216,19.581215358414507,18.38248016668695,18.02621974007163,18.498701298701295,17.2
2026-09-22 08:00:00-04:00,21.7,21.485490363776353,19.878852446261263,20.682171405018806,21.80388800998875,22.235928268797743,19.873071624880332,19.519224606202233,20.42857142857143,20.6
2026-09-22 09:00:00-04:00,22.8,22.57892397436185,21.64616369003409,22.11254383219797,23.285585678918927,23.282350151635296,21.639991402286505,21.288395832099255,22.163636363636364,22.8
2026-09-22 10:00:00-04:00,22.8,25.44213558527706,23.40019602257583,24.421165803926446,24.84682769634206,24.860002008503837,23.393650634836924,23.04433639422664,23.82207792207792,25.6
2026-09-22 11:00:00-04:00,25.6,26.85358179076923,24.91115339414752,25.882367592458372,25.633277595101628,25.96489615516538,24.90426795135019,24.55741598762064,25.08,26.7
2026-09-22 12:00:00-04:00,25.6,26.85358179076923,26.05465475217324,26.454118271471234,25.92314936273219,26.33507277335629,26.047461917330896,25.703336832472367,26.018421052631574,27.8
2026-09-22 13:00:00-04:00,26.7,26.85358179076923,26.794220309631942,26.823901050200586,25.9330185712264,26.45143659842264,26.78673946068034,26.445614074273866,26.55,28.3
2026-09-22 14:00:00-04:00,28.3,26.85358179076923,27.12735792884333,26.990469859806282,25.96416662866052,26.50663082114811,27.119587966106938,26.781678591453975,26.7025974025974,28.9
2026-09-22 15:00:00-04:00,27.8,26.85358179076923,27.04053497460208,26.947058382685654,25.96976399302915,26.511725097242387,27.03245451317308,26.697881086619134,26.794805194805193,30.0
2026-09-22 16:00:00-04:00,27.2,26.85415613201503,26.507139418173775,26.680647775094403,25.80536759247027,26.462697064977604,26.498713868960188,26.167491326647067,26.59090909090909,30.0
2026-09-22 17:00:00-04:00,23.3,26.212918746432344,25.529626939003776,25.87127284271806,26.201682020243073,26.0256079551155,25.52082011409787,25.192878774050364,25.941558441558442,29.4
2026-09-22 18:00:00-04:00,21.1,24.409108300804046,24.193623842814663,24.301366071809355,24.358743283530217,24.05547574698856,24.184410622606556,23.85963609968085,24.494805194805195,28.3
2026-09-22 19:00:00-04:00,20.6,23.2781956544838,22.68925799364596,22.98372682406488,23.154158045864147,23.207074866828084,22.679634494417048,22.35791359206002,22.594805194805197,25.6
2026-09-22 20:00:00-04:00,20.0,22.49676843179248,21.272059735624428,21.884414083708453,22.82876285033775,22.567253988190014,21.26204826829258,20.9433071353617,21.58051948051948,24.4
2026-09-22 21:00:00-04:00,19.4,21.38976483811415,20.17283652673739,20.781300682425773,22.07464136664332,22.117548592716,20.162484147204324,19.846708458385528,21.006493506493502,22.2
2026-09-22 22:00:00-04:00,18.9,20.584599307897093,19.500695338982087,20.04264732343959,20.691911531798596,21.42421049358486,19.490066516635405,19.177299313332867,20.44415584415584,21.7
2026-09-22 23:00:00-04:00,18.3,20.584599307897093,19.19409000867947,19.88934465828828,20.35296747922769,21.15006086275214,19.18325541793063,18.873574789411244,19.966233766233763,21.1
2026-09-23 00:00:00-04:00,18.3,19.9042882354383,18.886836915480608,19.395562575459454,16.297980287040915,18.29649511257637,18.875861221130094,18.569345439227963,19.530263157894737,20.0
2026-09-23 01:00:00-04:00,17.8,19.88773853666365,18.675617433372217,19.281677985017936,15.870893420156996,18.230247499649117,18.664549015542725,18.361239718982674,19.097368421052632,19.4
2026-09-23 02:00:00-04:00,17.2,19.76157638277522,18.255446787733224,19.008511585254222,15.716187464241472,18.158015132101944,18.24431167531909,17.944185636643642,18.782894736842106,18.9
2026-09-23 03:00:00-04:00,16.7,19.76157638277522,17.661771036613548,18.711673709694384,15.587763328512516,17.924671874119266,17.650572119486398,17.353529265080958,18.43026315789474,17.8
2026-09-23 04:00:00-04:00,16.1,19.76157638277522,17.10171463296052,18.43164550786787,15.599770971525045,17.77920074409356,17.0904358487008,16.796306497793417,18.239473684210527,17.2
2026-09-23 05:00:00-04:00,16.1,19.76157638277522,16.863899689019725,18.312738035897475,15.608351233605308,17.728433015520682,16.85251369375778,16.561082799167377,17.906578947368423,16.1
2026-09-23 06:00:00-04:00,16.1,19.76157638277522,17.18682591872339,18.474201150749305,15.608351233605308,17.720061988174045,17.175303040468616,16.88634493658899,17.797368421052635,16.1
2026-09-23 07:00:00-04:00,15.6,19.558235807945827,18.15101918316717,18.8546274955565,15.402902811263855,16.000739729424506,18.13933536145533,17.852650197876915,18.411842105263162,17.2
2026-09-23 08:00:00-04:00,15.6,21.1729666230595,19.64558162905547,20.409274126057486,16.75665610091777,17.027173066804547,19.63372353868079,19.3491666613561,20.307894736842105,20.6
2026-09-23 09:00:00-04:00,16.1,22.26640023364499,21.41917576725653,21.84278800045076,18.982528177693467,18.86691442611021,21.40714222926932,21.124640067930812,21.99605263157894,22.8
2026-09-23 10:00:00-04:00,16.1,24.988560606113264,23.18196049512686,24.085260550620063,20.818234158491464,20.51169522263631,23.16976032706867,22.889310105003197,23.603947368421053,25.6
2026-09-23 11:00:00-04:00,16.7,26.350283637998064,24.7025665910762,25.526425114537133,21.64245443198588,21.112621714320653,24.690213958006325,24.411868687932913,24.81333333333333,26.7
2026-09-23 12:00:00-04:00,16.7,26.350283637998064,25.85407132852395,26.10217748326101,22.27442334582104,21.644732604531377,25.84158020384289,25.565423884586195,25.72368421052631,27.8
2026-09-23 13:00:00-04:00,17.2,26.350283637998064,26.597484777864132,26.4738842079311,22.696732320524752,22.064296854920595,26.584864197733225,26.310984058535233,26.30263157894737,28.3
2026-09-23 14:00:00-04:00,17.2,26.350283637998064,26.928987322569604,26.639635480283836,22.885199772782613,22.301879317980273,26.916238741116707,26.6447014272008,26.44078947368421,28.9
2026-09-23 15:00:00-04:00,16.7,26.350283637998064,26.835605660403,26.592944649200533,22.979837588766557,22.337865435764353,26.82272302165184,26.553559922841465,26.54736842105263,30.0
2026-09-23 16:00:00-04:00,16.7,26.35085797924387,26.293034423548143,26.321946201396006,23.03840540957297,22.30888084992404,26.28000676751486,26.01321084221301,26.310526315789474,30.0
2026-09-23 17:00:00-04:00,16.1,25.72878497330363,25.30683320834264,25.517809090823135,23.331683028797308,22.588604891674663,25.29364894150575,25.029182211213275,25.63157894736842,29.4
2026-09-23 18:00:00-04:00,16.1,23.93243956639171,23.965225153570845,23.948832359981278,21.887609316883115,21.604346185248456,23.951876709905527,23.689684939549124,24.196052631578947,28.3
2026-09-23 19:00:00-04:00,16.1,22.766398586341875,22.459408065019836,22.612903325680854,18.44761219656532,18.45713882585453,22.445895647481425,22.18592522455745,22.38684210526316,25.6
2026-09-23 20:00:00-04:00,16.1,21.86218604143653,21.044200100738234,21.453193071087384,17.128588038006008,17.70839250394146,21.03053350649001,20.772745474751737,21.409210526315785,24.4
2026-09-23 21:00:00-04:00,16.1,20.763622664742694,19.948494375938942,20.356058520340817,16.59370251203627,17.834581041560646,19.934692464035574,19.679069944099037,20.835526315789473,22.2
2026-09-23 22:00:00-04:00,16.7,19.92261719692088,19.279336367944413,19.600976782432646,16.50163577523538,18.330084513081,19.265424363179857,19.011971754942664,20.352631578947364,21.7
2026-09-23 23:00:00-04:00,16.7,19.92261719692088,18.97392536239427,19.448271279657575,16.276689326694015,18.27477890157851,18.959930732869697,18.70866550163871,19.894736842105264,21.1
2026-09-24 00:00:00-04:00,16.1,19.9042882354383,18.665643984416384,19.284966109927343,15.820398568785476,17.664962515534697,18.65159194893412,18.40253179603932,19.429333333333332,20.0
2026-09-24 01:00:00-04:00,16.1,19.88773853666365,18.452626841689636,19.17018268917664,14.853359813947552,17.38221639697166,18.438536590651314,18.191685906616883,19.005333333333336,19.4
2026-09-24 02:00:00-04:00,16.1,19.76157638277522,18.03076780375594,18.89617209326558,14.422941606788662,16.958074539177566,18.016650268265273,17.771989743405005,18.7,18.9
2026-09-24 03:00:00-04:00,15.6,19.76157638277522,17.43614468272791,18.598860532751566,14.444082129768656,16.907846119463244,17.422002245617893,17.1794844598712,18.357333333333333,17.8
2026-09-24 04:00:00-04:00,15.6,19.76157638277522,16.87587276452827,18.318724573651746,14.344253806019733,16.800416999265202,16.861700801393575,16.621252884485752,18.186666666666667,17.2
2026-09-24 05:00:00-04:00,15.0,19.76157638277522,16.638280158048676,18.19992827041195,14.385065392892216,16.770986908112885,16.624069859990307,16.38560240624405,17.878666666666668,16.1
2026-09-24 06:00:00-04:00,15.0,19.76157638277522,16.96185741499861,18.361716898886918,14.469612155025704,16.75614317961682,16.94759908315028,16.71101893174957,17.774666666666665,16.1
2026-09-24 07:00:00-04:00,15.0,19.558235807945827,17.9277358222105,18.742985815078164,15.195356073322351,15.464858205611735,17.913421789333476,17.678645424754247,18.35466666666667,17.2
2026-09-24 08:00:00-04:00,15.0,21.1729666230595,19.426028874813692,20.299497748936595,16.79771109534235,17.053059073036238,19.41165539095624,19.178619748997477,20.154666666666667,20.6
2026-09-24 09:00:00-04:00,15.0,22.26640023364499,21.206130261296043,21.736265247470516,19.17639124621585,19.176642858410972,21.19169801359655,20.960366323392194,21.801333333333332,22.8
2026-09-24 10:00:00-04:00,15.0,24.988560606113264,22.9778890998421,23.98322485297768,21.269777055193615,21.451388130125192,22.963402422383812,22.733764097044283,23.37066666666666,25.6
2026-09-24 11:00:00-04:00,15.6,26.350283637998064,24.50826000578778,25.42927182189292,22.99457978279512,22.76320374060508,24.49372517002947,24.265790284394114,24.554054054054053,26.7
2026-09-24 12:00:00-04:00,16.1,26.350283637998064,25.667690648090232,26.00898714304415,23.74943589793128,23.387822867880416,25.65311382579336,25.42690398930708,25.459999999999994,27.8
2026-09-24 13:00:00-04:00,16.7,26.350283637998064,26.414649264011253,26.38246645100466,24.17960023986208,23.82498701343047,26.400034782099222,26.175572925624902,26.022666666666662,28.3
2026-09-24 14:00:00-04:00,17.2,26.350283637998064,26.74403894535513,26.547161291676595,24.263542181777215,24.011570755349084,26.72938831359332,26.506689926177998,26.23733333333333,28.9
2026-09-24 15:00:00-04:00,17.8,26.350283637998064,26.643568885281766,26.496926261639913,24.30979618558832,24.068174416236157,26.628880823369567,26.407948552599485,26.326666666666668,30.0
2026-09-24 16:00:00-04:00,17.8,26.35085797924387,26.0913910817379,26.221124530490883,24.27436064822351,24.0168528253472,26.07666247865438,25.85748495996305,26.098666666666666,30.0
2026-09-24 17:00:00-04:00,16.7,25.72878497330363,25.09628363707935,25.41253430519149,24.029507415079507,23.857024489372822,25.08151112270373,24.864065734197045,25.418666666666663,29.4
2026-09-24 18:00:00-04:00,16.7,23.93243956639171,23.749093282092076,23.84076642424189,22.474634495771483,22.013344582252525,23.73427494249114,23.518533203328428,23.948,28.3
2026-09-24 19:00:00-04:00,16.1,22.766398586341875,22.242013131292325,22.5042058588171,19.701505197364895,19.54010401732984,22.22714988571078,22.013083663428368,22.124000000000002,25.6
2026-09-24 20:00:00-04:00,16.1,21.86218604143653,20.829005557864736,21.34559579965063,18.17518817536628,18.825849881632266,20.814101830751543,20.60168850184392,21.162666666666663,24.4
2026-09-24 21:00:00-04:00,15.6,20.763622664742694,19.736899881105547,20.25026127292412,17.624983507142698,18.784872577745315,19.72196340683559,19.51118858456152,20.602666666666668,22.2
2026-09-24 22:00:00-04:00,15.6,19.92261719692088,19.070587908450996,19.496602552685935,17.53770703430113,19.20111843488648,19.055628740003907,18.84648597893132,20.14933333333333,21.7
2026-09-24 23:00:00-04:00,15.6,19.92261719692088,18.766012730371394,19.344314963646134,17.19020847379737,18.628608025089815,18.751041723299267,18.543529495589183,19.656,21.1
2026-09-25 00:00:00-04:00,15.0,19.9042882354383,18.456248783344243,19.180268509391272,17.168761515174985,18.530588600137328,18.44127594354836,18.235392917325335,19.184,20.0
2026-09-25 01:00:00-04:00,14.4,19.88773853666365,18.2409092725857,19.064323904624676,16.45803655755759,18.039368125928817,18.22594236656541,18.021682420393955,18.748,19.4
2026-09-25 02:00:00-04:00,13.9,19.76157638277522,17.81690603760514,18.78924121019018,16.063262919348837,17.487970610258312,17.801949772248275,17.59929817119845,18.432,18.9
2026-09-25 03:00:00-04:00,12.8,19.76157638277522,17.220991919855233,18.491284151315227,15.870641485139068,17.28014162781369,17.2060478366118,17.00497960800136,18.090666666666667,17.8
2026-09-25 04:00:00-04:00,12.2,19.76157638277522,16.660263833340643,18.210920108057934,15.671608342382443,17.098856891987722,16.64533087560723,16.44581178580688,17.964,17.2
2026-09-25 05:00:00-04:00,11.1,19.76157638277522,16.422720716948724,18.092148549861975,15.645498127809214,17.062570044078644,16.407796268958244,16.209786101189874,17.69466666666667,16.1
2026-09-25 06:00:00-04:00,10.6,19.76157638277522,16.746815459474657,18.25419592112494,15.627818520531246,17.04772631558258,16.731896558734736,16.53535381292487,17.524,16.1
2026-09-25 07:00:00-04:00,11.1,19.558235807945827,17.71427990577085,18.63625785685834,15.58067107174187,15.65006146095934,17.699364318298656,17.504251139112455,18.102666666666668,17.2
2026-09-25 08:00:00-04:00,13.3,21.1729666230595,19.216249568464857,20.194608095762177,17.57249042199974,17.925496865896935,19.201336482912915,19.00762263339528,19.917333333333335,20.6
2026-09-25 09:00:00-04:00,15.0,22.26640023364499,21.00285058334665,21.634625408495822,20.53150585118614,20.719197065641207,20.98794080264888,20.795605811737573,21.682666666666663,22.8
2026-09-25 10:00:00-04:00,16.1,24.988560606113264,22.78359238903632,23.88607649757479,22.88786872246885,22.92444972020956,22.76868804014179,22.57772116082575,23.297333333333334,25.6
2026-09-25 11:00:00-04:00,18.3,26.350283637998064,24.323692326585608,25.336987982291838,24.943262702942903,24.521214333881495,24.30879623194616,24.119194408164542,24.539189189189187,26.7
2026-09-25 12:00:00-04:00,19.4,26.350283637998064,25.490902509732777,25.92059307386542,25.757369117148368,25.26083802202903,25.476017438300104,25.28778194571234,25.45333333333333,27.8
2026-09-25 13:00:00-04:00,21.1,26.350283637998064,26.24111818291941,26.295700910458738,26.05584758788048,25.58214557673672,26.226246208529368,26.03937889577464,26.022666666666666,28.3
2026-09-25 14:00:00-04:00,21.7,26.350283637998064,26.567997842997062,26.459140740497563,26.146614871149595,25.68533258362087,26.55313998705052,26.36764005044489,26.295999999999996,28.9
2026-09-25 15:00:00-04:00,22.2,26.350283637998064,26.460027941171408,26.405155789584736,26.166645510239185,25.70517130259508,26.445184182970088,26.261046178627705,26.334666666666667,30.0
2026-09-25 16:00:00-04:00,22.8,26.35085797924387,25.89793810448715,26.12439804186551,26.143691631924657,25.65352078305815,25.8831077345184,25.700321146245905,26.112000000000002,30.0
2026-09-25 17:00:00-04:00,22.2,25.72878497330363,24.89381549292496,25.311300233114295,25.612010959702474,25.33046870715813,24.878997691382057,24.697547942717726,25.380000000000003,29.4
2026-09-25 18:00:00-04:00,21.1,23.93243956639171,23.54114556399481,23.736792565193262,23.184494895380013,22.744329683884388,23.526340032141785,23.346210470931705,23.805333333333333,28.3
2026-09-25 19:00:00-04:00,18.3,22.766398586341875,22.03304504394256,22.399721815142218,20.2484451269876,20.030003338857952,22.018252511018954,21.83942669161321,22.021333333333335,25.6
2026-09-25 20:00:00-04:00,16.7,21.86218604143653,20.622492240679136,21.242339141057833,18.661666507506386,19.18838264571103,20.60771471145577,20.43017829185564,21.066666666666663,24.4
2026-09-25 21:00:00-04:00,14.4,20.763622664742694,19.534125121200752,20.14887389297172,18.035240494333554,19.07758736748654,19.519365804464783,19.343107548527616,20.433333333333334,22.2
2026-09-25 22:00:00-04:00,13.3,19.92261719692088,18.870610442357055,19.396613819638965,18.140965815297264,19.517314440420204,18.855873386542207,18.680885054015718,19.987999999999996,21.7
2026-09-25 23:00:00-04:00,12.2,19.92261719692088,18.566645926132544,19.24463156152671,17.82734469028461,19.13802851341702,18.551935461912137,18.37821069482211,19.494666666666664,21.1
2026-09-26 00:00:00-04:00,11.7,19.9042882354383,18.255120064622545,19.079704150030423,17.555686545880192,18.761266579029986,18.24044019739397,18.06797278182853,18.990666666666666,20.0
2026-09-26 01:00:00-04:00,10.6,19.88773853666365,18.037142275214176,18.962440405938914,16.910897327204086,18.2711240278561,18.0224961741349,17.85127820497124,18.518666666666668,19.4
2026-09-26 02:00:00-04:00,10.0,19.76157638277522,17.61075475234528,18.686165567560252,16.29166079263812,17.81571458445776,17.596144448885152,17.426164921864036,18.196,18.9
2026-09-26 03:00:00-04:00,9.4,19.76157638277522,17.013401403857273,18.387488893316245,16.09544353357129,17.53223502258172,16.998827753151453,16.83007196619019,17.846666666666668,17.8
2026-09-26 04:00:00-04:00,11.1,19.76157638277522,16.45212791630109,18.106852149538156,15.883900000757173,17.39469955043867,16.43759080615726,16.270040717562456,17.697333333333333,17.2
2026-09-26 05:00:00-04:00,9.4,19.76157638277522,16.214554432768864,17.98806540777204,15.855523119517278,17.34140176028036,16.200053166125567,16.033688599315624,17.412000000000003,16.1
2026-09-26 06:00:00-04:00,10.6,19.76157638277522,16.539065140171928,18.150320761473573,15.896042667763586,17.31722469845096,16.524598881396063,16.35939925278983,17.264,16.1
2026-09-26 07:00:00-04:00,13.3,19.558235807945827,17.507996439410494,18.533116123678163,15.921107576665976,15.880309877372792,17.493564610114667,17.329510740983892,17.854666666666667,17.2
2026-09-26 08:00:00-04:00,15.6,21.1729666230595,19.01353366925767,20.093250146158585,17.73371093783644,18.12662187178372,18.999136203909806,18.836211781150475,19.673333333333332,20.6
2026-09-26 09:00:00-04:00,18.9,22.26640023364499,20.806557585152376,21.53647890939868,20.61642479577704,20.91747763551669,20.79219500182784,20.630387366956636,21.43733333333333,22.8
2026-09-26 10:00:00-04:00,21.1,24.988560606113264,22.596228130636753,23.792394368375007,22.960308736471937,22.827444707949535,22.581901424479497,22.42120155723122,23.06,25.6
2026-09-26 11:00:00-04:00,22.8,26.350283637998064,24.145979864057264,25.248131751027664,24.77667587867303,24.32161645982706,24.131690276301914,23.972092045702812,24.332432432432427,26.7
2026-09-26 12:00:00-04:00,23.3,26.350283637998064,25.320812279590907,25.835547958794486,25.742893489969727,25.227893742632155,25.30656102225368,25.148059949858037,25.247999999999994,27.8
2026-09-26 13:00:00-04:00,25.0,26.350283637998064,26.07401795280752,26.212150795402792,26.08496461727613,25.571472531210834,26.059805972877673,25.90239784905114,25.85333333333333,28.3
2026-09-26 14:00:00-04:00,25.6,26.350283637998064,26.39803831563145,26.374160976814757,26.12542346927684,25.68365673074218,26.383866163844697,26.227545860306417,26.095999999999997,28.9
2026-09-26 15:00:00-04:00,26.7,26.350283637998064,26.282221991339323,26.316252814668694,26.118171889938303,25.68702059559125,26.26808982619906,26.112850563804468,26.142666666666667,30.0
2026-09-26 16:00:00-04:00,26.7,26.35085797924387,25.709984811256927,26.0304213952504,26.11938794687371,25.641254830313393,25.695892529214653,25.541725718092582,25.89333333333333,30.0
2026-09-26 17:00:00-04:00,26.1,25.72878497330363,24.6968032023592,25.212794087831412,25.641752101409985,25.23445722160406,24.68275065084984,24.5296462618278,25.136,29.4
2026-09-26 18:00:00-04:00,24.4,23.905743282644107,23.33881028213025,23.62227678238718,23.01500951101567,22.74826280620546,23.32479749204336,23.172744785865902,23.517333333333333,28.3
2026-09-26 19:00:00-04:00,21.7,22.739702302594267,21.829974236924087,22.284838269759177,20.262967371811943,20.031892593081555,21.81600160928434,21.664989975336027,21.753333333333334,25.6
2026-09-26 20:00:00-04:00,20.0,21.83548975768893,20.422166156394393,21.12882795704166,18.69765840644206,19.062787835657417,20.408234553628542,20.25825420702137,20.83733333333333,24.4
2026-09-26 21:00:00-04:00,16.1,20.736926380995087,19.33771380412532,20.0373200925602,18.171356526624603,19.049350863540827,19.323824523945422,19.174866873391004,20.189333333333337,22.2
2026-09-26 22:00:00-04:00,16.1,19.92261719692088,18.6769965293564,19.29980686313864,18.37286623018797,19.61088730452052,18.663151170903554,18.515208777456046,19.773333333333326,21.7
2026-09-26 23:00:00-04:00,14.4,19.92261719692088,18.373483437933267,19.14805031742707,18.11635326322575,19.252937148566108,18.359683696902927,18.21274986349606,19.294666666666664,21.1
2026-09-27 00:00:00-04:00,14.4,19.802397108610407,18.059996896313308,18.931197002461857,17.70404355038119,18.86869156807328,18.046244341642623,17.90031247286279,18.804000000000002,20.0
2026-09-27 01:00:00-04:00,13.9,19.785847409835757,17.83916072157672,18.81250406570624,17.081943764473912,18.39140751784293,17.825456607647396,17.680519533815684,18.364,19.4
2026-09-27 02:00:00-04:00,12.8,19.726275846057764,17.410246839063145,18.568261342560454,16.408980423162905,17.93817759819716,17.39659199497715,17.252641453458082,17.997333333333337,18.9
2026-09-27 03:00:00-04:00,13.9,19.726275846057764,16.811395050788704,18.268835448423232,16.194792203130227,17.654698036321125,16.79778986631927,16.65481628054559,17.677333333333337,17.8
2026-09-27 04:00:00-04:00,13.9,19.726275846057764,16.249557574190842,17.987916710124303,15.970979201204113,17.600004727749273,16.23600207683666,16.09399468737155,17.544,17.2
2026-09-27 05:00:00-04:00,13.3,19.726275846057764,16.011920842476428,17.869098344267094,15.911227106620933,17.546706937590958,15.998414838321422,15.857362145347565,17.264,16.1
2026-09-27 06:00:00-04:00,13.3,19.726275846057764,16.3367689062395,18.03152237614863,15.877402499342963,17.52252987576156,16.323312144294192,16.183202542578016,17.101333333333336,16.1
2026-09-27 07:00:00-04:00,13.9,19.558235807945827,17.307050581887733,18.43264319491678,15.782559757969072,16.23672001905234,17.293642899856607,17.154465344613886,17.642666666666663,17.2
2026-09-27 08:00:00-04:00,16.7,21.132973032716368,18.81603544206257,19.974504237389468,17.780860617643558,18.2231259730134,18.80267686052848,18.66442140414701,19.37466666666667,20.6
2026-09-27 09:00:00-04:00,20.0,22.22640664330186,20.615388666055352,21.420897654678605,20.58199374859877,20.65585650833006,20.60207941465545,20.464737496297836,21.125333333333334,22.8
2026-09-27 10:00:00-04:00,21.7,24.84521580225986,22.413918164233213,23.629566983246537,22.88366614951683,22.766625255045707,22.400658642609873,22.264223081538702,22.74,25.6
2026-09-27 11:00:00-04:00,22.8,25.91347728293863,23.973236205544957,24.943356744241793,24.75590035253169,24.434862233074828,23.960026898515068,23.82449161794929,24.016216216216215,26.7
2026-09-27 12:00:00-04:00,25.0,25.91347728293863,25.1555367438791,25.534507013408863,25.595289210709876,25.35074875994028,25.142378120291653,25.007737691809524,24.892,27.8
2026-09-27 13:00:00-04:00,25.6,25.91347728293863,25.911481878494005,25.912479580716315,25.97897785549204,25.769935754494863,25.898374304616173,25.764623438508448,25.54933333333333,28.3
2026-09-27 14:00:00-04:00,26.1,25.91347728293863,26.232322836749265,26.072900059843946,26.000348891458874,25.830910327630853,26.219266528123015,26.086399635956887,25.830666666666662,28.9
2026-09-27 15:00:00-04:00,25.0,25.91347728293863,26.10835220152181,26.01091474223022,25.97130949419807,25.81604050103015,26.095347224572564,25.96335814924017,25.846666666666668,30.0
2026-09-27 16:00:00-04:00,26.1,25.914051624184435,25.525775668974255,25.719913646579343,25.910428785350476,25.660499273821497,25.512821989028087,25.38170394536312,25.53066666666666,30.0
2026-09-27 17:00:00-04:00,25.0,25.293815565189185,24.503533749472616,24.8986746573309,25.130591384832364,24.804426417014746,24.49063130925127,24.36037702010608,24.75733333333333,29.4
2026-09-27 18:00:00-04:00,23.3,23.11177947128509,23.14041193951275,23.126095705398917,22.439189694540563,22.314928522685943,23.127560744776044,22.998162708733695,23.16,28.3
2026-09-27 19:00:00-04:00,21.7,22.00605117744439,21.631156111324973,21.81860364438468,20.259930273053055,20.208449144229206,21.618356299665052,21.48980709904601,21.434666666666665,25.6
2026-09-27 20:00:00-04:00,21.1,21.25185877267683,20.22640849111585,20.73913363189634,19.455120743485555,19.674989613144696,20.213660365648217,20.085952922422045,20.49066666666666,24.4
2026-09-27 21:00:00-04:00,21.1,20.282483285266068,19.146071759436307,19.71427752235119,18.770004483846876,19.4803118730719,19.13337577930517,19.00650348990043,19.857333333333337,22.2
2026-09-27 22:00:00-04:00,20.6,19.820726070092988,18.488180250851208,19.154453160472098,18.512247696845993,19.67692257071566,18.47553698209726,18.349493701710657,19.43333333333333,21.7
2026-09-27 23:00:00-04:00,19.4,19.820726070092988,18.184994701190057,19.002860385641522,18.14176948862619,19.289414443271653,18.172404741489537,18.047184632581097,18.939999999999998,21.1
2026-09-28 00:00:00-04:00,17.8,19.802397108610407,17.869389015897656,18.83589306225403,18.073376418107152,19.319229480436665,17.85685291251612,17.732450208788062,18.44666666666667,20.0
2026-09-28 01:00:00-04:00,16.1,19.785847409835757,17.64552309122483,18.715685250530292,17.42607140251677,18.939145352494275,17.63304127203397,17.50945002928852,18.044,19.4
2026-09-28 02:00:00-04:00,14.4,19.726275846057764,17.213990052480998,18.47013294926938,16.80328876260579,18.56640672351878,17.201562785326725,17.078776690173136,17.67066666666667,18.9
2026-09-28 03:00:00-04:00,14.4,19.726275846057764,16.613625115561653,18.16995048080971,16.626520866096303,18.31624861880182,16.601252503194754,16.47926479128857,17.396000000000004,17.8
2026-09-28 04:00:00-04:00,13.9,19.726275846057764,16.051240689351758,17.88875826770476,16.54844225366159,18.21675384581382,16.038922697871406,15.917726201669417,17.209333333333333,17.2
2026-09-28 05:00:00-04:00,13.3,19.726275846057764,15.813532707467685,17.769904276762723,16.451353929109665,18.15326387061332,15.801269218235513,15.680856529326537,16.945333333333334,16.1
2026-09-28 06:00:00-04:00,13.3,19.726275846057764,16.138654047751434,17.9324649469046,16.433674321831695,18.093192385714215,16.126444917941946,16.006808620193336,16.768,16.1
2026-09-28 07:00:00-04:00,14.4,19.558235807945827,17.11017578823727,18.33420579809155,16.069534412114656,16.713909135966343,17.098020904553177,16.979153818633225,17.339999999999996,17.2
2026-09-28 08:00:00-04:00,17.2,21.132973032716368,18.62248881634081,19.87773092452859,17.645014998579505,18.315544302905735,18.610388129750067,18.49228351014917,19.094666666666665,20.6
2026-09-28 09:00:00-04:00,20.6,22.22640664330186,20.428075264211216,21.327240953756537,20.059047747527774,20.183524162620692,20.416028799663145,20.298680440812255,20.89733333333334,22.8
2026-09-28 10:00:00-04:00,22.8,24.84521580225986,22.235391060432526,23.540303431346196,22.556007380495615,22.43842173988052,22.223398902577102,22.106801135979175,22.55466666666667,25.6
2026-09-28 11:00:00-04:00,23.9,25.91347728293863,23.804189214236057,24.858833248587345,24.527677682900304,24.322908822886117,23.792251476299136,23.67639906853593,23.837837837837835,26.7
2026-09-28 12:00:00-04:00,24.4,25.91347728293863,24.99380769038912,25.453642486663874,25.33282452573439,25.16851460153576,24.98192447704509,24.866812461773897,24.70133333333333,27.8
2026-09-28 13:00:00-04:00,25.6,25.91347728293863,25.752252346349245,25.832864814643937,25.729935526213325,25.579192970099076,25.74042372193663,25.626047212010214,25.378666666666664,28.3
2026-09-28 14:00:00-04:00,26.7,25.91347728293863,26.06961200992951,25.991544646434072,25.763068466942062,25.639872383998732,26.057837980817272,25.94419200697563,25.711999999999996,28.9
2026-09-28 15:00:00-04:00,26.7,25.91347728293863,25.937204252916093,25.92534076792736,25.75646392148752,25.64482790392745,25.925484768170964,25.81256417935392,25.736,30.0
2026-09-28 16:00:00-04:00,25.6,25.914051624184435,25.344125749127123,25.629088686655777,25.629449702053563,25.463018595095978,25.332460718252012,25.220260159382164,25.38266666666667,30.0
2026-09-28 17:00:00-04:00,25.6,25.293815565189185,24.312852250921093,24.803333908055137,24.80454245583188,24.544918297297045,24.30124157280399,24.189755534481993,24.570666666666664,29.4
2026-09-28 18:00:00-04:00,24.4,23.085268684998923,22.944822867051563,23.015045776025243,21.755576103394624,21.955608902596232,22.933266461542164,22.822489378174254,22.929333333333336,28.3
2026-09-28 19:00:00-04:00,22.8,21.979540391158224,21.435485412955636,21.70751290205693,20.101678735815675,20.04750273784017,21.423983246242344,21.31390960899759,21.197333333333333,25.6
2026-09-28 20:00:00-04:00,21.7,21.225347986390663,20.03413191395096,20.629739950170812,19.363811302822377,19.548721923422505,20.02268401102252,19.91330846163161,20.33733333333333,24.4
2026-09-28 21:00:00-04:00,21.7,20.255972498979897,18.958127436247164,19.60704996761353,18.922598390037116,19.521783608927727,18.94673387746569,18.838051257474802,19.67066666666667,22.2
2026-09-28 22:00:00-04:00,21.1,19.820726070092988,18.303106924143705,19.061916497118347,18.9221768435263,19.96010571555999,18.291767827234317,18.183773171898792,19.336,21.7
2026-09-28 23:00:00-04:00,19.4,19.820726070092988,18.00014556193765,18.91043581601532,18.723034539882327,19.73008774826807,17.988861054364467,17.88154953658508,18.829333333333334,21.1
2026-09-29 00:00:00-04:00,20.0,19.802397108610407,17.682284351277495,18.74234072994395,18.481832808795044,19.51594938904399,17.67105454012201,17.56442138329509,18.336000000000002,20.0
2026-09-29 01:00:00-04:00,20.6,19.785847409835757,17.45524535931035,18.620546384573053,17.734619379624995,19.211642394166905,17.444070305954018,17.33811069200017,17.950666666666667,19.4
2026-09-29 02:00:00-04:00,20.6,19.726275846057764,17.02102833721138,18.373652091634572,17.175499068789193,19.01641334516567,17.009908042446707,16.90461704112651,17.54533333333334,18.9
2026-09-29 03:00:00-04:00,20.0,19.726275846057764,16.419160305309568,18.072718075683667,17.024901436299928,18.833823889557305,16.408094707532584,16.303467246062255,17.278666666666666,17.8
2026-09-29 04:00:00-04:00,20.0,19.726275846057764,15.856265414976347,17.791270630517054,16.954565444640306,18.80406613471081,15.845254400706455,15.741285281024968,17.070666666666668,17.2
2026-09-29 05:00:00-04:00,20.0,19.726275846057764,15.618491729266616,17.67238378766219,16.808501352658233,18.73521718821845,15.6075351522995,15.504219110490872,16.80533333333333,16.1
2026-09-29 06:00:00-04:00,18.3,19.726275846057764,15.943830610444792,17.835053228251276,16.812364042052174,18.73521718821845,15.932928314181217,15.830260105953501,16.62,16.1
2026-09-29 07:00:00-04:00,18.9,19.558235807945827,16.916486506020423,18.237361156983127,16.29868805573905,17.177437585835495,16.905638343279293,16.803612833633466,17.170666666666666,17.2
2026-09-29 08:00:00-04:00,20.6,21.132973032716368,18.43200987957112,19.782491456143745,17.692141929489523,18.283222000202063,18.421215725419625,18.319827960848574,18.938666666666666,20.6
2026-09-29 09:00:00-04:00,22.8,22.22640664330186,20.24373324107843,21.235069942190144,19.68558777381356,19.873782842014595,20.232992996456325,20.132238243707356,20.78666666666667,22.8
2026-09-29 10:00:00-04:00,25.0,24.84521580225986,22.05976147937341,23.452488640816636,22.005210883420048,21.943854733881548,22.049075065888218,21.94894881063611,22.472,25.6
2026-09-29 11:00:00-04:00,26.7,25.91347728293863,23.63795270317481,24.77571499305672,23.35750350952192,23.29018500255722,23.62732005169925,23.52781796075805,23.755405405405405,26.7
2026-09-29 12:00:00-04:00,25.6,25.91347728293863,24.834740368710506,25.374108825824568,23.733614164347212,23.87980137709719,24.82416140577067,24.72527926502609,24.621333333333332,27.8
2026-09-29 13:00:00-04:00,26.1,25.91347728293863,25.59545046121006,25.754463872074346,23.93982154712122,24.072205348521596,25.58492509733801,25.48665874237205,25.272000000000002,28.3
2026-09-29 14:00:00-04:00,26.7,25.91347728293863,25.909038709515514,25.91125799622707,23.978296576655463,24.118002688209877,25.898566832806548,25.800912089301665,25.66133333333333,28.9
2026-09-29 15:00:00-04:00,26.1,25.91347728293863,25.767928710355832,25.84070299664723,23.96403157665546,24.12595064354482,25.75751018675736,25.66046283357383,25.640000000000004,30.0
2026-09-29 16:00:00-04:00,26.1,25.914051624184435,25.164207427101744,25.53912952564309,23.90021253852055,24.087705982684223,25.153842106981177,25.05739786773841,25.29466666666666,30.0
2026-09-29 17:00:00-04:00,26.7,25.293815565189185,24.123953911476615,24.708884738332898,23.401663404108113,23.579247661859977,24.11364164031242,24.01779620142937,24.48933333333333,29.4
2026-09-29 18:00:00-04:00,24.4,23.085268684998923,22.75125890244283,22.918263793720875,21.054849221885405,21.026162276644044,22.74099953248129,22.645748579038088,22.773333333333333,28.3
2026-09-29 19:00:00-04:00,21.7,21.979540391158224,21.242194408617735,21.61086739988798,19.738442137146126,19.883947539876303,21.231987808248014,21.13732706530708,21.028,25.6
2026-09-29 20:00:00-04:00,21.7,21.225347986390663,19.84458091677603,20.53496445158335,19.324986244100288,19.54564629697462,19.83442697515309,19.740352242036018,20.211999999999996,24.4
2026-09-29 21:00:00-04:00,21.1,20.255972498979897,18.773135215966807,19.514553857473352,18.99705210079778,19.60842013532968,18.763033841788207,18.669541009969333,19.522666666666666,22.2
2026-09-29 22:00:00-04:00,21.1,19.820726070092988,18.121041208358584,18.970883639225786,18.928034546124675,20.008459733448003,18.11099232327557,18.018077373913282,19.216000000000005,21.7
2026-09-29 23:00:00-04:00,20.0,19.820726070092988,17.818213549050082,18.819469809571537,18.724593778257123,19.852087569468782,17.808217077541048,17.715876060634475,18.704000000000004,21.1
2026-09-30 00:00:00-04:00,18.9,19.802397108610407,17.497973754888378,18.650185431749392,18.50030007479431,19.689555680774927,17.488029613212685,17.39625861532596,18.21066666666667,20.0
2026-09-30 01:00:00-04:00,18.3,19.785847409835757,17.267636742151442,18.5267420759936,17.881659807042464,19.45710171592417,17.257744829069782,17.166539939286093,17.802666666666667,19.4
2026-09-30 02:00:00-04:00,17.2,19.726275846057764,16.830688952851233,18.278482399454496,17.246347993064873,19.228586474554422,16.820849144181583,16.73020642789169,17.44,18.9
2026-09-30 03:00:00-04:00,16.7,19.726275846057764,16.227343286205574,17.97680956613167,17.073860270039678,18.935143665475508,16.21755543419075,16.127470921710383,17.176000000000002,17.8
2026-09-30 04:00:00-04:00,16.1,19.726275846057764,15.663985853718865,17.695130849888315,17.000259884932962,18.856915709262267,15.654249790928256,15.56471948364878,16.965333333333337,17.2
2026-09-30 05:00:00-04:00,16.1,19.726275846057764,15.426159410538478,17.57621762829812,16.88118432818308,18.7880667627699,15.416474956944962,15.3274948489953,16.745333333333335,16.1
2026-09-30 06:00:00-04:00,16.1,19.726275846057764,15.751664265067152,17.738970055562458,16.88118432818308,18.7880667627699,15.742031236291592,15.653597345789033,16.545333333333335,16.1
2026-09-30 07:00:00-04:00,16.7,19.558235807945827,16.725350300469902,18.141793054207866,16.436102103808206,17.26039506216433,16.71576851509945,16.627876916944917,17.073333333333334,17.2
2026-09-30 08:00:00-04:00,18.3,21.132973032716368,18.24396640055723,19.6884697166368,17.692502608021226,18.25486157783032,18.234435684894027,18.147082537143607,18.77733333333333,20.6
2026-09-30 09:00:00-04:00,22.2,22.22640664330186,20.06172907891696,21.144067861109413,19.585926257169277,19.797183311944657,20.05224926833947,19.965430826278308,20.586666666666666,22.8
2026-09-30 10:00:00-04:00,,24.84521580225986,21.88639341988458,23.36580461107222,21.830944496033617,21.79159406308119,21.876964356960247,21.790676972431314,22.293333333333337,25.6
2026-09-30 11:00:00-04:00,,25.91347728293863,23.473887945379165,24.693682614158895,22.594633861448436,22.76710242840022,23.46450947569629,23.37874958301868,23.636486486486486,26.7
2026-09-30 12:00:00-04:00,,25.91347728293863,24.677694885150927,25.29558608404478,22.783483391895988,23.142624260438517,24.66836685233722,24.583130945295373,24.54,27.8
2026-09-30 13:00:00-04:00,,25.91347728293863,25.440438917839444,25.676958100389037,22.84278658942909,23.266352657733155,25.43116115930253,25.346445765449868,25.212,28.3
2026-09-30 14:00:00-04:00,,25.91347728293863,25.749973626147145,25.831725454542887,22.992734259303766,23.462721205044232,25.74074597072919,25.65654762929215,25.587999999999997,28.9
2026-09-30 15:00:00-04:00,,25.91347728293863,25.59990984804157,25.7566935654901,23.01593487434712,23.487379680878036,25.59073211614967,25.50704736427542,25.50666666666667,30.0
2026-09-30 16:00:00-04:00,,25.914051624184435,24.985422499364695,25.449737061774563,23.066595766211503,23.503033999080735,24.976294505410618,24.893119874903388,25.22533333333333,30.0
2026-09-30 17:00:00-04:00,,25.293815565189185,23.936259014094297,24.61503728964174,22.986479256598273,23.128753116214625,23.927180570450407,23.844512594244193,24.33333333333333,29.4
2026-09-30 18:00:00-04:00,,23.085268684998923,22.559156671069225,22.822212678034074,20.84969624014556,20.879910887392494,22.550127592379155,22.46796281756896,22.618666666666666,28.3
2026-09-30 19:00:00-04:00,,21.979540391158224,21.0507319927651,21.515136191961663,19.38342174549752,19.66301291188644,21.04175209941449,20.960087102298445,20.88,25.6
2026-09-30 20:00:00-04:00,,21.225347986390663,19.65721261128094,20.4412802988358,18.97124765530633,19.263933066958092,19.64828173111931,19.567113129651876,20.049333333333333,24.4
2026-09-30 21:00:00-04:00,,20.255972498979897,18.590558183583287,19.423265341281592,18.734207476203604,19.446880114723815,18.58167615149482,18.501000611715217,19.352,22.2
2026-09-30 22:00:00-04:00,,19.820726070092988,17.94145250252392,18.881089286308452,18.810761213592507,20.009664129228533,17.93261915802366,17.85243339299584,19.02266666666667,21.7
2026-09-30 23:00:00-04:00,,19.820726070092988,17.63867675219769,18.72970141114534,18.678463035796177,19.88247399477976,17.629891935725905,17.55019269772114,18.49066666666667,21.1
