,standardized_coef
t_last x exp(-L/3h),-0.15347261041100735
t_last x exp(-L/12h),0.77339624522725
t_last x exp(-L/48h),0.1347072650037513
t_last x exp(-L/168h),-0.6437687956038172
t_6h x exp(-L/3h),-0.2842242249899218
t_6h x exp(-L/12h),-0.19251511641782926
t_6h x exp(-L/48h),0.9737026577024496
t_6h x exp(-L/168h),0.562445925297442
t_24h x exp(-L/3h),0.24956656049953063
t_24h x exp(-L/12h),-0.14861532647987902
t_24h x exp(-L/48h),-0.3614385725562599
t_24h x exp(-L/168h),0.016717860503423533
t_72h x exp(-L/3h),0.03240479637461881
t_72h x exp(-L/12h),-0.12546391006218008
t_72h x exp(-L/48h),0.19796571555729653
t_72h x exp(-L/168h),-0.043139085393277585
t_7d x exp(-L/3h),-0.027410722726771787
t_7d x exp(-L/12h),0.09536200648616337
t_7d x exp(-L/48h),-0.22450378086003825
t_7d x exp(-L/168h),0.21882523128475448
t_last x hour-1sin,0.3854926778120771
t_last x hour-1cos,0.3882271351286456
t_last x hour-2sin,-0.018726316271183038
t_last x hour-2cos,-0.15280959151017295
t_6h x hour-1sin,-0.4473590359154932
t_6h x hour-1cos,-0.21980723240804848
t_6h x hour-2sin,-0.027504609450891913
t_6h x hour-2cos,0.1866945989572806
t_24h x hour-1sin,0.10843547592921383
t_24h x hour-1cos,-0.05435721843147797
t_24h x hour-2sin,0.027876295432969232
t_24h x hour-2cos,-0.03953960869391495
