,importance
day_cos,0.6364704139780373
temperature_mean_7d,0.09959669243071145
day_sin,0.08754173741645616
hour_cos,0.08326263139417898
hour_sin,0.06826194605255073
temperature_mean_24h,0.017376345164212853
dew_point_temperature_mean_7d,0.004562686130247348
relative_humidity_mean_7d,0.0009588624907595039
temperature_last_hour,0.0007231550049374929
dew_point_temperature_last_hour,0.0006098726909788221
sea_level_pressure_mean_7d,0.0002832148704992949
sea_level_pressure_mean_24h,0.00014894678498593718
sea_level_pressure_last_hour,0.00010286722663553464
relative_humidity_last_hour,3.7665125302794426e-05
wind_speed_mean_7d,3.335122889341083e-05
dew_point_temperature_mean_24h,1.2377923232656766e-05
lead_hour,9.336493436488406e-06
relative_humidity_mean_24h,7.897593943302109e-06
wind_speed_last_hour,0.0
wind_speed_mean_24h,0.0
