year,features,model,MAE,day1,day2_3,day4_14
2022,baseline,same hour last 2 yrs,3.180867346938775,3.288690476190476,2.5622023809523804,3.2835497835497836
2022,baseline,repeat last 24 h,3.3991071428571424,0.6166666666666666,1.6499999999999997,3.9700757575757573
2022,A rdu only,LinReg (ridge),3.272725458563797,1.6325947448104277,2.130819324097757,3.629447547898838
2022,B + year-prior,LinReg (ridge),3.2607321550819353,1.6960874165119317,2.107034276878227,3.612735836443519
2022,B + corridor,LinReg (ridge),3.2486471801448586,1.678728729808828,2.1785443612734086,3.5859311881520344
2022,B + wind,LinReg (ridge),3.251151957379932,1.690544943178821,2.1355039016596957,3.595870423347349
2022,B + land,LinReg (ridge),3.216082456341123,1.6227106734271217,2.2211658260934772,3.5418283693783326
2022,B + sst,LinReg (ridge),3.220570551361227,1.6168371082011106,2.11130032000731,3.568049997349223
2022,B + indices,LinReg (ridge),3.2296217004288277,1.685389088895595,2.4308040614603486,3.515246054017027
2022,all groups,LinReg (ridge),3.216884865790131,1.5962622395552823,2.628774596135407,3.4711433353850674
2022,compact,KNN k=300,3.203545634920635,2.5844583333333326,1.537263888888889,3.562786616161616
2022,compact + dca,KNN k=300,3.0755714285714286,2.1768194444444444,1.3540277777777783,3.470284090909091
2022,compact + soil,KNN k=300,3.0112172619047617,2.4765833333333327,1.3188611111111108,3.3675214646464644
2022,compact + indices,KNN k=300,3.1928065476190475,0.8465138888888886,2.1108888888888884,3.602818181818182
2022,compact + sst,KNN k=300,3.1833015873015875,2.538847222222222,1.496736111111111,3.548536616161616
2022,B + year-prior / compact,average of ridge + KNN,3.1247548725039755,1.5946898435582406,1.5743246147495729,3.545748103818025
2023,baseline,same hour last 2 yrs,2.5690688775510204,3.378571428571428,3.5842261904761905,2.3109036796536797
2023,baseline,repeat last 24 h,4.251785714285714,4.954166666666667,2.6458333333333335,4.479924242424242
2023,A rdu only,LinReg (ridge),2.1691845482076553,2.2516014610253894,1.8768322270028566,2.214847069079643
2023,B + year-prior,LinReg (ridge),2.026296621693851,2.0578154042784593,1.7560857564490278,2.072560526048854
2023,B + corridor,LinReg (ridge),2.017686373863673,2.070019562156031,1.7440729981319005,2.062676697788327
2023,B + wind,LinReg (ridge),1.9956329993408364,2.0891144562119437,1.7839041451816657,2.0256308403814933
2023,B + land,LinReg (ridge),2.012224272892825,2.0440824183027595,1.7719532498374047,2.0530137184110893
2023,B + sst,LinReg (ridge),2.238445510676758,2.125049252102239,1.8910067814899758,2.3119249394902197
2023,B + indices,LinReg (ridge),2.6883319071585254,2.471641177670898,2.309557268039221,2.7768991805881833
2023,all groups,LinReg (ridge),2.328216535634701,2.157606644685012,2.0171464580737326,2.4002847216412118
2023,compact,KNN k=300,2.04127876984127,3.002402777777777,2.502222222222222,1.8700959595959596
2023,compact + dca,KNN k=300,2.0949117063492064,3.0089166666666665,2.5311944444444445,1.9324962121212124
2023,compact + soil,KNN k=300,2.243449404761905,2.5208749999999998,2.1696249999999995,2.2316515151515155
2023,compact + indices,KNN k=300,1.883014880952381,2.1702083333333335,1.3595763888888888,1.9520770202020203
2023,compact + sst,KNN k=300,2.0890565476190477,3.0771111111111105,2.7790138888888887,1.8737866161616166
2023,B + year-prior / compact,average of ridge + KNN,1.9020557002508884,2.3365624282971367,1.7513361990310414,1.889958634286656
2024,baseline,same hour last 2 yrs,4.151062925170068,3.664285714285715,1.8843749999999997,4.607440476190476
2024,baseline,repeat last 24 h,3.6675595238095244,2.5916666666666663,2.952083333333333,3.895454545454545
2024,A rdu only,LinReg (ridge),3.798017860707309,2.533326315461483,2.2300269447361885,4.198079076815315
2024,B + year-prior,LinReg (ridge),3.7322033884270254,2.3728572317988,2.2304489934763527,4.1288265653842595
2024,B + corridor,LinReg (ridge),4.172024736397413,2.5561355865048334,2.6303683500944586,4.599224911170003
2024,B + wind,LinReg (ridge),3.708325099554018,2.3624343836648354,2.2053011534621754,4.103955882106096
2024,B + land,LinReg (ridge),3.1808753732501174,2.225487756796884,1.7808229566000928,3.5222837777731426
2024,B + sst,LinReg (ridge),4.160236952673964,2.5587648906988925,2.6802640722306847,4.574911300206839
2024,B + indices,LinReg (ridge),3.940596767961801,2.4535489567502746,2.389279791560953,4.357840564690276
2024,all groups,LinReg (ridge),4.281790760418215,2.6028319851573345,2.6766895615578057,4.7262599579620055
2024,compact,KNN k=300,4.3084742063492065,3.3309305555555557,1.9678888888888888,4.822902777777777
2024,compact + dca,KNN k=300,3.8708680555555555,3.4504583333333336,1.9677986111111103,4.255099747474747
2024,compact + soil,KNN k=300,4.90659126984127,3.1699444444444445,2.1712222222222217,5.561808080808081
2024,compact + indices,KNN k=300,4.6356706349206345,2.9577083333333327,2.399277777777778,5.194829545454545
2024,compact + sst,KNN k=300,3.379680555555556,3.2638055555555554,1.7182569444444438,3.692291666666666
2024,B + year-prior / compact,average of ridge + KNN,4.005086718270041,2.812641909231966,2.0347643453236244,4.471731223263761
2025,baseline,same hour last 2 yrs,2.572217484008529,3.0833333333333335,2.5001488095238096,2.5387289516567084
2025,baseline,repeat last 24 h,4.394029850746269,0.9583333333333335,4.7875000000000005,4.63574144486692
2025,A rdu only,LinReg (ridge),3.4471154218226214,2.3102945238990507,2.617179349007019,3.7023269543143114
2025,B + year-prior,LinReg (ridge),3.465605285710934,2.272217890776041,2.654014656948585,3.7226305619810116
2025,B + corridor,LinReg (ridge),3.477008250866641,2.2456151328739837,2.66673878651266,3.73726060493818
2025,B + wind,LinReg (ridge),3.1562570631621756,2.871079160313286,2.383201357423508,3.323370916940995
2025,B + land,LinReg (ridge),3.6769061573958317,1.934932694163126,2.886040166293095,3.9802100763711787
2025,B + sst,LinReg (ridge),3.4750342058748833,2.2222833825427606,2.681246841656707,3.734227412119916
2025,B + indices,LinReg (ridge),3.743624367564646,1.8840257855729126,2.9297940399161555,4.0618533473932725
2025,all groups,LinReg (ridge),3.9201298888619265,1.7088519607264712,3.110845698312293,4.269621567271178
2025,compact,KNN k=300,2.943651741293533,2.091847222222222,2.481986111111112,3.105641318124208
2025,compact + dca,KNN k=300,3.0927512437810947,2.342472222222222,2.4887777777777784,3.2714486692015208
2025,compact + soil,KNN k=300,3.4604029850746274,2.344708333333333,2.7249513888888894,3.696442332065906
2025,compact + indices,KNN k=300,3.30663184079602,1.8981388888888888,2.7817569444444445,3.5309581749049426
2025,compact + sst,KNN k=300,4.0733383084577115,1.6309861111111108,3.2269930555555555,4.450680608365019
2025,B + year-prior / compact,average of ridge + KNN,3.177347051808575,2.182032556499131,2.546711359130954,3.383271238637292
