model,hyper_name,hyper,fold,n_train,train_mae,val_mae,val_rmse,train_rmse
ridge,features,base (RDU + year-prior),2022,191492,2.562157820859879,2.9765114213958923,3.7214225414382063,3.111534375864561
ridge,features,base (RDU + year-prior),2023,314132,2.654620827504297,3.122516704325133,3.8746823278130473,3.2491006057597955
ridge,features,base (RDU + year-prior),2024,437108,2.679115829669525,3.1844150892480827,3.7894508856302336,3.3069958895400737
ridge,features,base (RDU + year-prior),2025,559579,2.778404243808705,2.858906294680844,3.4804549317880737,3.3929857078537906
ridge,features,base + soil/cloud,2022,191492,2.5726548317872586,3.0260309173752877,3.7320477754710537,3.1168751395083785
ridge,features,base + soil/cloud,2023,314132,2.6722001704809895,3.1412188734192745,3.884798101822627,3.2670289407022977
ridge,features,base + soil/cloud,2024,437108,2.712108684997778,3.125837653268549,3.7252688860225187,3.3293098240777876
ridge,features,base + soil/cloud,2025,559579,2.794528338075755,2.8522613885661405,3.507165324409045,3.4081896656381576
ridge,features,base + wind,2022,191492,2.5618660896817476,2.9890017539198968,3.7344135945456487,3.1127866491374467
ridge,features,base + wind,2023,314132,2.6574991247283495,3.106122214592259,3.8567900454827844,3.239918993902274
ridge,features,base + wind,2024,437108,2.745902659015664,3.2175696328764376,3.818019786287189,3.3645965877818487
ridge,features,base + wind,2025,559579,2.7701267719055456,2.827444106651716,3.445862720911676,3.3762677587754957
ridge,features,base + soil/cloud + wind,2022,191492,2.5537978666122134,3.032204840321084,3.745363092900085,3.102709943095861
ridge,features,base + soil/cloud + wind,2023,314132,2.644415413108199,3.120089646036262,3.8608739929511233,3.2296030686651918
ridge,features,base + soil/cloud + wind,2024,437108,2.671758512373486,3.1590558936805353,3.7563077440338764,3.295801303885536
ridge,features,base + soil/cloud + wind,2025,559579,2.7931674169183047,2.8229303817491247,3.464680438188891,3.4067836867103733
ridge,features,base + stations,2022,191492,2.579693676627799,2.9417964890104793,3.6795419700886924,3.1327655087039252
ridge,features,base + stations,2023,314132,2.7013678460230857,3.178095745838011,3.9249004775176375,3.305497973092154
ridge,features,base + stations,2024,437108,2.7215414532302873,3.2263781215124876,3.8329780386417873,3.3427658493406445
ridge,features,base + stations,2025,559579,2.737741599106996,2.832333771982889,3.4547227557900513,3.3606588492081926
ridge,features,base + ocean temp,2022,191492,2.5409745318111123,2.8705993336486126,3.5920073598794113,3.0929426523294565
ridge,features,base + ocean temp,2023,314132,2.654555790517366,2.9340913469320506,3.6674926748052594,3.2611408648600073
ridge,features,base + ocean temp,2024,437108,2.709018039663785,3.2837934591196305,3.8801531950124626,3.3242237647219537
ridge,features,base + ocean temp,2025,559579,2.7498422701832266,2.8681531228262123,3.494641554435754,3.3665774880227235
ridge,features,base + climate indices,2022,191492,2.6156175876590817,3.1262333291689717,3.964915191784276,3.1632806388675836
ridge,features,base + climate indices,2023,314132,2.7097572515611374,3.0139443057870925,3.7824328506130436,3.3039960787590883
ridge,features,base + climate indices,2024,437108,2.729563490639641,3.2162800723300102,3.807467844901852,3.364049009898132
ridge,features,base + climate indices,2025,559579,2.809602547387959,2.913105933509446,3.5472836032273403,3.4286439279063234
ridge,alpha,0.01,2022,191492,2.548869456717613,2.8706785998738247,3.592140503115507,3.1138479110578374
ridge,alpha,0.01,2023,314132,2.642499753860251,2.9341454583786737,3.667548771796391,3.2331707660128033
ridge,alpha,0.01,2024,437108,2.754813693622029,3.2837987313074066,3.8801587409141365,3.377464294414027
ridge,alpha,0.01,2025,559579,2.734802174091801,2.8681673940007517,3.49465391047877,3.3434580265543117
ridge,alpha,0.1,2022,191492,2.543131931305273,2.8706713630699285,3.592128343804772,3.109881403707948
ridge,alpha,0.1,2023,314132,2.627789224657821,2.9341405342969433,3.6675436670036947,3.2205357920820603
ridge,alpha,0.1,2024,437108,2.6788117115194083,3.283798251223378,3.880158235854907,3.298976600738455
ridge,alpha,0.1,2025,559579,2.791375662978617,2.8681660956382125,3.4946527861211174,3.4053469211525407
ridge,alpha,1,2022,191492,2.5698615902259636,2.8705993336486126,3.5920073598794113,3.128107675093758
ridge,alpha,1,2023,314132,2.668365254574167,2.9340913469320506,3.6674926748052594,3.2613882166681876
ridge,alpha,1,2024,437108,2.731603582880005,3.2837934591196305,3.8801531950124626,3.3573070157100466
ridge,alpha,1,2025,559579,2.7668545149330597,2.8681531228262123,3.494641554435754,3.37532746722063
ridge,alpha,10,2022,191492,2.529860822042105,2.869911992959686,3.59085554689429,3.0838323418971463
ridge,alpha,10,2023,314132,2.62249474005781,2.933604079585807,3.6669881885774225,3.2323918829734484
ridge,alpha,10,2024,437108,2.7116416654916504,3.2837465905264076,3.880103740890152,3.333967269254113
ridge,alpha,10,2025,559579,2.80640932541746,2.8680247047182403,3.4945304057317275,3.415092920882692
ridge,alpha,100,2022,191492,2.592515613571215,2.865368492170153,3.583209080200883,3.143460015374024
ridge,alpha,100,2023,314132,2.647830136223044,2.929169775621646,3.6623807055453654,3.2442753821575865
ridge,alpha,100,2024,437108,2.7382902689215487,3.2833565107188036,3.8796876736122057,3.359952388158866
ridge,alpha,100,2025,559579,2.7435212520595464,2.8668565762928764,3.493518007827663,3.340242067161825
ridge,alpha,1000,2022,191492,2.582284526418976,2.858060722057337,3.5720430242327303,3.145855567317826
ridge,alpha,1000,2023,314132,2.688527145048195,2.8995607263734793,3.631805145585473,3.2943416868585826
ridge,alpha,1000,2024,437108,2.71504151985389,3.282110316248773,3.878069630344761,3.3301355007898588
ridge,alpha,1000,2025,559579,2.774575711643973,2.859352730006578,3.487095771878401,3.391206813478494
ridge,alpha,10000,2022,191492,2.6143851675979706,2.8847503856955687,3.6206634372297026,3.179324052699118
ridge,alpha,10000,2023,314132,2.6802314717576796,2.7932387739631577,3.5201927663224373,3.283194832499716
ridge,alpha,10000,2024,437108,2.730702358188637,3.278994028389127,3.873829205517401,3.3541605353691986
ridge,alpha,10000,2025,559579,2.827265426744751,2.83045210896578,3.463479917199698,3.443553655003517
ridge,alpha,100000,2022,191492,2.751845088671157,3.176718873716122,4.036636503571104,3.472553907258102
ridge,alpha,100000,2023,314132,2.825030087129424,2.7171059753395617,3.470264235875954,3.5093870027623884
ridge,alpha,100000,2024,437108,2.794837428888183,3.235874442982278,3.8533004055495863,3.4613353338667108
ridge,alpha,100000,2025,559579,2.8225666760098065,2.8028663470543127,3.458696651936062,3.4583635319136485
knn,features,compact,2022,191492,2.267875333333333,3.2570828373015868,4.19924678449351,2.7799573354789695
knn,features,compact,2023,314132,2.308004833333333,2.7039464285714288,3.4248382614458586,2.8635220094317417
knn,features,compact,2024,437108,2.364361,3.136330994897959,3.6862953144838135,2.937661180017759
knn,features,compact,2025,559579,2.4051841666666665,2.8982862368541387,3.5246234869468087,2.982739138610683
knn,features,compact + DC temperature,2022,191492,2.20163225,3.3141652494331066,4.258158949845405,2.7026515701945377
knn,features,compact + DC temperature,2023,314132,2.3028195,2.708260062358277,3.416714020360001,2.8732133844066183
knn,features,compact + DC temperature,2024,437108,2.3312125000000004,3.182734410430839,3.7490307091593627,2.908182139169301
knn,features,compact + DC temperature,2025,559579,2.4011718333333336,2.897955189757659,3.538743677542677,2.9883059804845957
knn,k,5,2022,191492,1.1859799999999998,3.750646258503401,4.749982694800796,1.5833955496548127
knn,k,5,2023,314132,1.1822266666666665,3.2107454648526077,4.089873943968325,1.5670215484585186
knn,k,5,2024,437108,1.3301733333333334,3.3097307256235826,4.035312025183377,1.7813868754428388
knn,k,5,2025,559579,1.4027566666666664,3.1217283950617287,3.8787413206588677,1.860050268137934
knn,k,10,2022,191492,1.4004433333333333,3.6290589569161,4.617990843152207,1.808620404249235
knn,k,10,2023,314132,1.421278333333333,3.0765277777777778,3.922889119252558,1.856613857716964
knn,k,10,2024,437108,1.5454533333333336,3.1713166099773242,3.8327700617662783,2.0299744169159704
knn,k,10,2025,559579,1.6453850000000003,3.0446791647614693,3.7528050333112204,2.1323507489779128
knn,k,25,2022,191492,1.7339899999999997,3.5496802721088434,4.546551808950815,2.185520240735982
knn,k,25,2023,314132,1.7749713333333335,2.9194280045351473,3.6996570347267563,2.2630482622633865
knn,k,25,2024,437108,1.8519373333333333,3.131684240362812,3.7466090860925068,2.368288742531197
knn,k,25,2025,559579,1.9318460000000002,2.9241804602956867,3.6100334028847443,2.4546160449243377
knn,k,50,2022,191492,1.9609740000000002,3.46216298185941,4.449122838145915,2.4532072601664403
knn,k,50,2023,314132,2.0058813333333334,2.8406145124716558,3.588991701296172,2.540484452750433
knn,k,50,2024,437108,2.1058046666666668,3.114734693877551,3.7122338818323444,2.6458300736567844
knn,k,50,2025,559579,2.1372896666666668,2.900145404663923,3.553894446595172,2.6826668399188147
knn,k,100,2022,191492,2.1235756666666665,3.367001984126984,4.328747781650353,2.6165497495111127
knn,k,100,2023,314132,2.2144263333333334,2.7559047619047616,3.489852355575923,2.768767999249245
knn,k,100,2024,437108,2.2745429999999995,3.1172260487528343,3.6885927271179746,2.851890391243441
knn,k,100,2025,559579,2.325271,2.901303155006859,3.529770521717434,2.883319367731111
knn,k,200,2022,191492,2.2606465,3.2570828373015868,4.19924678449351,2.766616455061429
knn,k,200,2023,314132,2.3639785833333335,2.7039464285714288,3.4248382614458586,2.935743598427549
knn,k,200,2024,437108,2.3443930833333333,3.136330994897959,3.6862953144838135,2.934377744592256
knn,k,200,2025,559579,2.3980439166666665,2.8982862368541387,3.5246234869468087,2.976298580360904
knn,k,300,2022,191492,2.297079055555556,3.2029222411186695,4.1295622923323805,2.813851468733308
knn,k,300,2023,314132,2.385211388888889,2.6784926776266063,3.3914261792040086,2.9573803379411214
knn,k,300,2024,437108,2.440816166666667,3.144499858276644,3.689967804881413,3.024348113441602
knn,k,300,2025,559579,2.4903757222222223,2.8980897220952087,3.529429257237478,3.0525993366704287
knn,k,500,2022,191492,2.3241255,3.133594217687075,4.034815289279726,2.856590073040466
knn,k,500,2023,314132,2.4834581,2.652975368480726,3.3536884606259085,3.0858103009776863
knn,k,500,2024,437108,2.434373566666667,3.139161422902494,3.685269406172557,3.042815358881749
knn,k,500,2025,559579,2.5122850666666667,2.8949539094650207,3.5299971047127783,3.1134289086364784
knn,k,1000,2022,191492,2.369472216666667,3.0673963435374154,3.956238472103153,2.919821573708743
knn,k,1000,2023,314132,2.5278936166666663,2.6350399234693875,3.337354973668622,3.147348880020294
knn,k,1000,2024,437108,2.476250266666667,3.1152769982993203,3.666990628646668,3.0976144770860903
knn,k,1000,2025,559579,2.5768281166666664,2.885842280140223,3.523706581261785,3.191892567583011
knn,k,2000,2022,191492,2.483825875,3.044677593537415,3.9328714048935214,3.0796669521003
knn,k,2000,2023,314132,2.5655529,2.6287042800453513,3.338676606190892,3.1784096769540264
knn,k,2000,2024,437108,2.59322995,3.0814158588435374,3.6460950809831,3.2489849285943655
knn,k,2000,2025,559579,2.680721816666667,2.882745054107606,3.517414394236251,3.296995572285092
knn,k,4000,2022,191492,2.5191574208333334,3.0718286316609977,3.98867062935958,3.1087238672489774
knn,k,4000,2023,314132,2.642881,2.6355949192176875,3.3495909077121047,3.290158897137923
knn,k,4000,2024,437108,2.602715175,3.0390364831349204,3.62999674443818,3.247235747718614
knn,k,4000,2025,559579,2.6318209041666667,2.8876339125133366,3.519335593420303,3.2600525781833163
rf,max_depth,2,2022,95746,3.6997301633779958,4.910002779905646,6.043245605540596,4.714577871718728
rf,max_depth,2,2023,157234,3.761427575449941,3.7153426317303624,4.6514794576801,4.791380995180237
rf,max_depth,2,2024,218722,3.5120451320081933,3.564969619370734,4.523675698479984,4.438527901117623
rf,max_depth,2,2025,279790,3.5236079701885057,3.3142371261982415,4.167716277885542,4.463454107537369
rf,max_depth,3,2022,95746,3.1417892544077453,4.273689222639111,5.476446094658378,4.118171875783517
rf,max_depth,3,2023,157234,3.2892398921166968,3.3393064536182466,4.194650768115879,4.203327326301681
rf,max_depth,3,2024,218722,3.309738247033621,3.5388909753806685,4.298525546523531,4.186881973774221
rf,max_depth,3,2025,279790,3.251569531147984,3.273616789147731,4.094143192195387,4.145941104744148
rf,max_depth,4,2022,95746,2.5939535575162225,3.6844530189299363,4.736403735300028,3.431148289414957
rf,max_depth,4,2023,157234,2.884783773911617,3.0006101924865054,3.7819007162669633,3.6783267016037806
rf,max_depth,4,2024,218722,2.9480314670819885,3.419070632155927,4.089473386341544,3.729620301433702
rf,max_depth,4,2025,279790,3.0607824786911313,3.12789304352508,3.92474660777924,3.8905775368803313
rf,max_depth,6,2022,95746,2.01531832346964,3.128864896576004,3.9988580835835066,2.5862753506777505
rf,max_depth,6,2023,157234,2.329463391788984,2.8216011268098375,3.5477106402510414,2.914555543019719
rf,max_depth,6,2024,218722,2.4706042477799626,3.34033687884583,3.944060661754217,3.110134109561674
rf,max_depth,6,2025,279790,2.6359120409964545,2.877399598084029,3.6512170362798884,3.317641680018858
rf,max_depth,8,2022,95746,1.6062642367498068,3.2642520823556413,4.126644756185927,2.022399457596761
rf,max_depth,8,2023,157234,1.9240611067269966,2.731820142357806,3.4206812333752197,2.3785933226682543
rf,max_depth,8,2024,218722,2.1348119864926516,3.4172846745406207,3.9973780525236786,2.6586278656150752
rf,max_depth,8,2025,279790,2.341142684205796,2.8920934378904692,3.6239539221804025,2.928394927025388
rf,max_depth,12,2022,95746,1.2103298187660163,3.480753067336227,4.370560705105691,1.5314579559356758
rf,max_depth,12,2023,157234,1.3926096312559546,2.8634966660602177,3.558385243458117,1.7669463111692683
rf,max_depth,12,2024,218722,1.5643197003786506,3.3651997977712287,3.9271542767150116,1.9891647062821076
rf,max_depth,12,2025,279790,1.7172374204366692,2.939465839092745,3.6882587940908023,2.170246547655126
rf,max_depth,16,2022,95746,1.1525227780295448,3.524697285989506,4.3789055741892575,1.4751816259444452
rf,max_depth,16,2023,157234,1.3055825733971518,2.865339772394301,3.5657062913136888,1.6540383797867746
rf,max_depth,16,2024,218722,1.3707512079836288,3.3813010484940733,3.9361840461554674,1.7728897217303485
rf,max_depth,16,2025,279790,1.4683510652540588,3.013770341810509,3.7856457372682715,1.8518954634596962
