hyper,train_mae_mean,train_mae_std,val_mae_mean,val_mae_std,val_rmse_mean,val_rmse_std,train_rmse_mean,train_rmse_std
5,1.2752841666666666,0.10938767658179296,3.34821271101033,0.27906152994399963,4.188477496152841,0.3848839255840713,1.697963560423526,0.145491339828701
10,1.5031400000000001,0.11441444549919798,3.2303956273581678,0.27116335804752256,4.031613764370566,0.39704418459277857,1.9568898569650206,0.15073927177195576
25,1.8231861666666667,0.08739606258505238,3.1312432443256224,0.2959901085257665,3.9007128331637055,0.43427100324549545,2.3178683226137258,0.11798786956763423
50,2.0524874166666667,0.08282709537807369,3.079414398218135,0.2810140916083167,3.826060716967401,0.42088761451801204,2.580547156623118,0.1041005258456553
100,2.234454,0.08669864982587461,3.03535898744786,0.2663049150618919,3.7592408465154215,0.38925402800516345,2.7801318769337273,0.11928284699421238
200,2.3417655208333334,0.05844620777219693,2.9989116244062783,0.24675655609532385,3.7087509618424974,0.3442865844004406,2.9032590946105343,0.09314789456655796
300,2.4033705833333334,0.08286477161507118,2.981001124779282,0.24108537839413183,3.68509638341382,0.3204414236385754,2.962044814196615,0.10655960400266783
500,2.438560558333333,0.0827929261303403,2.955171229633829,0.23139837080330222,3.6509425651977425,0.2895539140368369,3.024661160384095,0.11575317972464114
1000,2.4876110541666665,0.08882233484352658,2.9258888863615864,0.2176304721808853,3.621072663920057,0.26103668980527656,3.0891693745995346,0.11928524168323071
2000,2.580832635416667,0.08118974446856658,2.9093856966334775,0.20606637727521493,3.608764371575941,0.2501540660482495,3.201014282483446,0.09442763307165215
4000,2.599143625,0.05595030941833143,2.9085234866317355,0.19885387421152692,3.621898468732542,0.2703441948465222,3.226542772572208,0.08058000589234052
