,actual,Ridge linear regression (ours),KNN (ours),Random forest (ours),Burak's linear model (as pushed),Lexie's random forest (as pushed),"Baseline: same hour, last 2 yrs",Baseline: repeat last 24 h
2026-09-17 00:00:00-04:00,20.6,20.05835665822568,20.527275000000003,20.95585237083201,20.663191091992708,21.01142776200215,20.135714285714283,20.0
2026-09-17 01:00:00-04:00,20.0,19.39998029918612,20.171375,20.665736334600467,20.512009781650864,20.89234337981514,19.692857142857143,19.4
2026-09-17 02:00:00-04:00,18.9,19.008526627331825,19.85285,20.37710647454746,20.07391271825462,20.29905173171124,19.521428571428572,18.9
2026-09-17 03:00:00-04:00,18.3,18.88972136786831,19.5575,20.13507017490334,19.432780199478294,20.190812359051755,19.292857142857144,17.8
2026-09-17 04:00:00-04:00,17.8,19.056462840065592,19.3437,20.078340998945333,18.838058507404295,20.10574965173415,19.15714285714286,17.2
2026-09-17 05:00:00-04:00,17.8,19.491838178812365,19.262075,20.04502501970004,18.608095932006304,20.077901378763656,18.97142857142857,16.1
2026-09-17 06:00:00-04:00,17.2,20.173775332254667,19.443475,20.093847835234023,18.992943286059507,20.077901378763656,18.935714285714283,16.1
2026-09-17 07:00:00-04:00,19.4,21.06911744491412,20.001,20.12166158844285,20.065126593447214,19.49900417041191,19.15714285714286,17.2
2026-09-17 08:00:00-04:00,22.2,22.183388918873423,21.19595,21.973576595955173,21.690665123521857,21.273074576340974,20.557142857142857,20.6
2026-09-17 09:00:00-04:00,25.6,23.344204983571792,22.653825,23.24684036562557,23.589333969784143,22.82623153173968,21.65714285714286,22.8
2026-09-17 10:00:00-04:00,27.8,24.50888264009612,24.2226,23.617878472932457,25.44728087170993,24.371714562340426,23.178571428571427,25.6
2026-09-17 11:00:00-04:00,28.9,25.575442133102477,25.519275,24.926581887077045,27.021856314175945,24.83885705796573,24.40714285714286,26.7
2026-09-17 12:00:00-04:00,30.6,26.49135827189256,26.588275000000003,25.73899120031935,28.189610503339015,24.848709413952,25.614285714285714,27.8
2026-09-17 13:00:00-04:00,31.1,27.13696219433179,27.10925,25.906612797693622,28.92564492858824,24.887800462890464,25.82857142857143,28.3
2026-09-17 14:00:00-04:00,32.8,27.530425655988395,27.415075,25.955220332344545,29.243011073096724,24.900929495148524,26.035714285714285,28.9
2026-09-17 15:00:00-04:00,33.3,27.62451179296919,27.420375,25.86353732424571,29.14076383209181,24.90678084649988,25.90714285714286,30.0
2026-09-17 16:00:00-04:00,33.3,27.43294982916843,27.0936,25.71286920219517,28.59776287193663,24.953315368254067,25.67142857142857,30.0
2026-09-17 17:00:00-04:00,32.8,26.956887562916165,26.367375,25.288660014473805,27.61468944228891,25.487581950263618,25.25,29.4
2026-09-17 18:00:00-04:00,31.1,26.18486564681719,25.088875,23.86625121621821,26.27120497286693,24.916177243283723,24.08571428571429,28.3
2026-09-17 19:00:00-04:00,28.9,25.19726138680273,23.6385,22.48269038131388,24.751298946263624,23.075992882235138,22.428571428571427,25.6
2026-09-17 20:00:00-04:00,28.3,24.117962462445256,22.606625,21.77352319286174,23.306938868828563,22.33436270751893,21.50714285714286,24.4
2026-09-17 21:00:00-04:00,27.2,23.033337797403338,21.98075,21.3035205151405,22.16840146738536,21.939050865233344,21.42142857142857,22.2
2026-09-17 22:00:00-04:00,26.7,21.92451774402667,21.3415,21.084662727252496,21.446015111354892,21.38706318208105,20.835714285714282,21.7
2026-09-17 23:00:00-04:00,26.1,20.929143572988536,20.91085,21.031003799281716,21.079725126791036,21.19606947841378,20.585714285714285,21.1
2026-09-18 00:00:00-04:00,26.1,19.97038863481249,20.464375,20.95585237083201,20.70746145708253,21.08461781669565,20.335714285714282,20.0
2026-09-18 01:00:00-04:00,26.1,19.313307712420713,20.0863,20.665736334600467,20.423796334272794,20.90521592883475,19.885714285714286,19.4
2026-09-18 02:00:00-04:00,25.6,18.924350830889704,19.7502,20.59735662582891,19.930428939363857,20.32282642527661,19.678571428571427,18.9
2026-09-18 03:00:00-04:00,24.4,18.79547877071589,19.44235,20.520287973352808,19.27083073284429,20.18692432502609,19.32142857142857,17.8
2026-09-18 04:00:00-04:00,24.4,18.967669064745017,19.228575,20.289793962371416,18.6615877957622,20.14572905065868,19.235714285714284,17.2
2026-09-18 05:00:00-04:00,23.9,19.402286657562133,19.126949999999997,20.043508654194067,18.39850376651672,20.117880777688185,19.0,16.1
2026-09-18 06:00:00-04:00,23.3,20.088987721707365,19.308725,20.043508654194067,18.72118646189225,20.117880777688185,18.978571428571428,16.1
2026-09-18 07:00:00-04:00,23.3,20.98814852040261,19.896725,20.400478616252663,19.70358203505057,19.57380784120132,19.27857142857143,17.2
2026-09-18 08:00:00-04:00,25.0,22.09818808195189,21.146325,21.973576595955173,21.222418163532527,22.070325083881453,20.757142857142856,20.6
2026-09-18 09:00:00-04:00,28.3,23.243765681978957,22.628524999999996,23.200386496577945,23.013082382870643,23.293263763444557,21.892857142857146,22.8
2026-09-18 10:00:00-04:00,31.1,24.40485104439741,24.22685,23.617878472932457,24.777225053647193,24.724540939852258,23.37142857142857,25.6
2026-09-18 11:00:00-04:00,32.8,25.468575989227553,25.558550000000004,25.040520789674535,26.283346419116647,25.046411711859633,24.60714285714286,26.7
2026-09-18 12:00:00-04:00,32.8,26.365530787487245,26.4731,25.769813569003254,27.412428049220075,25.139278847557858,25.607142857142854,27.8
2026-09-18 13:00:00-04:00,34.4,27.014245771680393,27.021949999999997,25.906164250190404,28.1372235592327,25.203974063162992,25.95,28.3
2026-09-18 14:00:00-04:00,34.4,27.40244853453578,27.285974999999997,26.109865907545277,28.463547989727736,25.245956669925796,26.07142857142857,28.9
2026-09-18 15:00:00-04:00,33.3,27.519652455935695,27.359900000000003,26.635716128177044,28.38125024872479,25.251808021277142,26.257142857142856,30.0
2026-09-18 16:00:00-04:00,30.0,27.321775015775856,27.020875,25.92767755934722,27.860876089386625,25.31552986828763,25.978571428571428,30.0
2026-09-18 17:00:00-04:00,29.4,26.851986678969663,26.3971,25.576003510940964,26.89765123934647,25.940976817915757,25.650000000000002,29.4
2026-09-18 18:00:00-04:00,26.7,26.075502712618977,25.070550000000004,24.30016922883349,25.569359551653925,25.222222190563024,24.321428571428573,28.3
2026-09-18 19:00:00-04:00,26.1,25.0885010905957,23.525425,22.48411584680917,24.06129270360841,23.30895962290099,22.628571428571433,25.6
2026-09-18 20:00:00-04:00,25.6,24.01857401610341,22.481150000000003,21.777157925629716,22.62879772688186,22.71543993374147,21.74285714285714,24.4
2026-09-18 21:00:00-04:00,25.0,22.93436386602204,21.9005,21.307155247908476,21.50625057865756,22.11995779755732,21.65714285714286,22.2
2026-09-18 22:00:00-04:00,24.4,21.842037455637765,21.314100000000003,21.084662727252496,20.80750522526123,21.42085524424675,21.235714285714284,21.7
2026-09-18 23:00:00-04:00,24.4,20.838612041860657,20.867925,21.031003799281716,20.47439863990042,21.231071432490715,20.90714285714286,21.1
2026-09-19 00:00:00-04:00,23.9,19.87110013541717,20.367125,20.95585237083201,20.1437429269529,21.115530490648005,20.492857142857144,20.0
2026-09-19 01:00:00-04:00,23.3,19.203267501186172,19.939375,20.665736334600467,19.908169530517405,20.868257785946856,19.878571428571433,19.4
2026-09-19 02:00:00-04:00,23.3,18.80674672667747,19.61105,20.59735662582891,19.463578030001,20.311034039753917,19.60714285714286,18.9
2026-09-19 03:00:00-04:00,22.8,18.66856251010441,19.243574999999996,20.338616777905397,18.84682760809445,20.07759797442231,19.042857142857144,17.8
2026-09-19 04:00:00-04:00,22.8,18.840966741935745,19.026075,20.051109130058727,18.268173271227106,20.015256346073357,18.964285714285715,17.2
2026-09-19 05:00:00-04:00,21.7,19.2817116880813,18.9249,20.051109130058727,18.01914127323393,19.98740807310286,18.807142857142853,16.1
2026-09-19 06:00:00-04:00,22.2,19.958504981761585,19.081125,20.051109130058727,18.338474766496297,19.950217457267083,18.699999999999996,16.1
2026-09-19 07:00:00-04:00,22.8,20.86459880626025,19.668550000000003,20.325208191444915,19.303059246414698,19.46002853095369,19.08571428571429,17.2
2026-09-19 08:00:00-04:00,23.9,21.98087773135414,20.966975,21.973576595955173,20.79555105288079,22.22406628419895,20.714285714285715,20.6
2026-09-19 09:00:00-04:00,26.7,23.1391270103241,22.547575,23.300077345651538,22.55846903281388,23.445954556015412,22.057142857142857,22.8
2026-09-19 10:00:00-04:00,27.8,24.302407302614615,24.207725,23.65590114154101,24.29968420345002,25.308690501851487,23.65,25.6
2026-09-19 11:00:00-04:00,28.9,25.36555236552048,25.51315,25.267720345989556,25.7913566726225,26.42362084459778,24.91428571428571,26.7
2026-09-19 12:00:00-04:00,29.4,26.274847421588504,26.474975,25.93447080220507,26.914965676429915,27.450073498356105,26.021428571428572,27.8
2026-09-19 13:00:00-04:00,30.6,26.929616924309347,26.991875,26.671722951980502,27.641172508142677,27.55624347905108,26.42857142857143,28.3
2026-09-19 14:00:00-04:00,28.9,27.318704531158836,27.195525,26.70733807603216,27.972485478607023,27.564243479051083,26.5,28.9
2026-09-19 15:00:00-04:00,31.1,27.44385470900704,27.31285,26.76625514370765,27.89574768100212,27.57009483040244,26.77857142857143,30.0
2026-09-19 16:00:00-04:00,31.1,27.239684505641087,26.9881,26.662523045832636,27.379826760004747,27.64948705764985,26.37142857142857,30.0
2026-09-19 17:00:00-04:00,30.0,26.765437220201797,26.3525,25.804713458843672,26.419826804239733,27.574304237461444,26.007142857142853,29.4
2026-09-19 18:00:00-04:00,28.3,25.989367124518505,25.046825,24.49183150549126,25.094503758413246,25.645582112895426,24.599999999999998,28.3
2026-09-19 19:00:00-04:00,26.7,24.99303063294301,23.418675000000004,22.490970990130375,23.59046036751214,23.6667160427591,22.785714285714285,25.6
2026-09-19 20:00:00-04:00,26.1,23.91860060557917,22.3745,21.777157925629716,22.164082555805113,22.855388815540937,21.864285714285714,24.4
2026-09-19 21:00:00-04:00,25.6,22.823368347490213,21.726275,21.307155247908476,21.05027987077218,22.198043592363387,21.57857142857143,22.2
2026-09-19 22:00:00-04:00,25.0,21.73463423121182,21.185975,21.084662727252496,20.363025199250824,21.360971058398636,21.200000000000003,21.7
2026-09-19 23:00:00-04:00,23.9,20.7350275034705,20.772625,21.031003799281716,20.044027963205448,21.13482694132386,20.95,21.1
2026-09-20 00:00:00-04:00,23.3,19.767025996179417,20.26375,20.95585237083201,19.729149550226484,21.099534285451597,20.535714285714285,20.0
2026-09-20 01:00:00-04:00,22.2,19.09302200438153,19.822625,20.665736334600467,19.511268721628586,20.859049913290608,19.842857142857145,19.4
2026-09-20 02:00:00-04:00,21.7,18.69384540930421,19.47265,20.544629894686224,19.08449755580071,20.34835237759402,19.564285714285717,18.9
2026-09-20 03:00:00-04:00,20.6,18.556045970613248,19.101675000000004,20.092331469728048,18.4836880559654,20.24942431405062,19.0,17.8
2026-09-20 04:00:00-04:00,20.0,18.716946862085035,18.852974999999997,20.051109130058727,17.916887390888903,20.183608492711997,18.807142857142857,17.2
2026-09-20 05:00:00-04:00,19.4,19.15679998322495,18.745625,20.051109130058727,17.674009831043787,20.146517922822728,18.692857142857143,16.1
2026-09-20 06:00:00-04:00,19.4,19.843342017124836,18.894875,20.09083876208797,17.993556484218246,20.146517922822728,18.628571428571426,16.1
2026-09-20 07:00:00-04:00,20.0,20.756021714150947,19.52645,20.33571804057622,18.953852745374466,19.518070416594774,19.09285714285714,17.2
2026-09-20 08:00:00-04:00,22.8,21.894366924119808,20.931175,21.973576595955173,20.440272125541966,22.21691168910356,20.95714285714286,20.6
2026-09-20 09:00:00-04:00,25.0,23.08193508215422,22.685625,23.325874204029144,22.198311446831394,23.435065790720643,22.692857142857143,22.8
2026-09-20 10:00:00-04:00,26.7,24.25894183094548,24.401025,24.402302703406907,23.937895656206628,25.26453091935381,24.450000000000003,25.6
2026-09-20 11:00:00-04:00,28.9,25.33806409429716,25.7444,25.76989193018892,25.431526910865184,26.203710343421317,25.942857142857143,26.7
2026-09-20 12:00:00-04:00,29.4,26.24462105665882,26.67275,26.91721740910067,26.55931339449394,27.15716013010566,26.971428571428575,27.8
2026-09-20 13:00:00-04:00,32.8,26.91165164566887,27.2446,27.36921899755924,27.289617931142494,27.263330110800645,27.542857142857144,28.3
2026-09-20 14:00:00-04:00,32.2,27.295223069001946,27.424125,27.455691731317636,27.622899342638203,27.2822753637459,27.571428571428573,28.9
2026-09-20 15:00:00-04:00,32.8,27.4275578350619,27.543050000000004,27.535142285627277,27.545181419329808,27.28812671509725,27.935714285714287,30.0
2026-09-20 16:00:00-04:00,32.8,27.219425471161127,27.19705,27.427163069903425,27.02606123046267,27.353012244157103,27.564285714285717,30.0
2026-09-20 17:00:00-04:00,31.7,26.740368982194145,26.5862,26.860160213561688,26.06246773963144,27.36813012033754,27.02857142857143,29.4
2026-09-20 18:00:00-04:00,30.0,25.95344218838094,25.23795,25.484010399735432,24.73514239713182,25.604475514437073,25.471428571428568,28.3
2026-09-20 19:00:00-04:00,27.8,24.93485456691356,23.483875,22.52982492992537,23.231931898191263,23.6402296756316,23.33571428571429,25.6
2026-09-20 20:00:00-04:00,27.2,23.852783889464412,22.3924,22.0526865521232,21.80930457290192,22.825244990346924,22.37857142857143,24.4
2026-09-20 21:00:00-04:00,26.1,22.745411306432317,21.681375,21.307155247908476,20.70130091791193,22.156632610306637,21.900000000000002,22.2
2026-09-20 22:00:00-04:00,25.6,21.661979435868133,21.130575,21.088297460020467,20.020704502821253,21.400254951840175,21.557142857142857,21.7
2026-09-20 23:00:00-04:00,25.0,20.66553557581898,20.6916,21.031003799281716,19.70835102745032,21.176059676911596,21.271428571428572,21.1
2026-09-21 00:00:00-04:00,24.4,19.704113904319133,20.1868,20.95585237083201,19.399288478269742,21.091162242318823,20.92857142857143,20.0
2026-09-21 01:00:00-04:00,24.4,19.03117960153227,19.744550000000004,20.665736334600467,19.187434010848868,20.840873718933807,20.271428571428572,19.4
2026-09-21 02:00:00-04:00,23.9,18.62750005358339,19.4007,20.59735662582891,18.766662071878,20.396962029958328,19.957142857142856,18.9
2026-09-21 03:00:00-04:00,23.3,18.489315837010324,19.027275000000003,20.520287973352808,18.171516486245103,20.298033966414938,19.392857142857142,17.8
2026-09-21 04:00:00-04:00,23.3,18.648506776873777,18.785125,20.520287973352808,17.609327425782567,20.21261030193905,19.207142857142856,17.2
2026-09-21 05:00:00-04:00,22.2,19.082843714497276,18.6295,20.338616777905397,17.369341372118598,20.175519732049786,19.049999999999997,16.1
2026-09-21 06:00:00-04:00,22.8,19.763710534635397,18.78885,20.120142522337563,17.690023505937813,20.175519732049786,18.9,16.1
2026-09-21 07:00:00-04:00,23.3,20.675667695926464,19.433175,20.506879386892315,18.65059020566436,19.511630783032043,19.33571428571429,17.2
2026-09-21 08:00:00-04:00,25.0,21.822907445715416,20.92332500000001,21.973576595955173,20.137972879340225,22.203094974179084,21.27857142857143,20.6
2026-09-21 09:00:00-04:00,27.2,23.04210250581377,22.8433,23.20376194271637,21.89914049015783,23.41651356153221,23.328571428571422,22.8
2026-09-21 10:00:00-04:00,29.4,24.229739560805022,24.5753,25.160841421662862,23.64454162263357,25.19855192241221,25.200000000000003,25.6
2026-09-21 11:00:00-04:00,31.1,25.319642628781207,25.900675000000003,26.742916087130368,25.14577707791059,26.1110167375251,26.77857142857143,26.7
2026-09-21 12:00:00-04:00,32.2,26.23486135940072,26.810575000000004,27.315875788294505,26.280860982759112,27.08172875736443,27.84285714285715,27.8
2026-09-21 13:00:00-04:00,33.9,26.90530314341149,27.387775,27.834538028026405,27.0157580890537,27.18789873805941,28.578571428571433,28.3
2026-09-21 14:00:00-04:00,34.4,27.2903399369561,27.58425,27.834538028026405,27.3493495763283,27.20684399100466,28.607142857142858,28.9
2026-09-21 15:00:00-04:00,34.4,27.414183774838115,27.65065,27.926051548071097,27.26769082587849,27.21269534235601,28.92857142857143,30.0
2026-09-21 16:00:00-04:00,33.3,27.204981721926316,27.357650000000003,27.84693742912323,26.742059943440765,27.25043760267221,28.521428571428572,30.0
2026-09-21 17:00:00-04:00,31.1,26.72535233204659,26.81275,27.4936189917447,25.77198066785671,27.18986037026267,28.021428571428572,29.4
2026-09-21 18:00:00-04:00,25.6,25.932224443588055,25.474949999999996,26.704172318386668,24.440565928700867,25.572032114807577,26.385714285714286,28.3
2026-09-21 19:00:00-04:00,23.9,24.904057371171664,23.659475,23.983569469575812,22.936844591372825,23.61827318960067,24.135714285714286,25.6
2026-09-21 20:00:00-04:00,22.2,23.822512574606087,22.5457,22.047170175110026,21.5169436278469,22.769162758959204,23.17142857142857,24.4
2026-09-21 21:00:00-04:00,21.7,22.71658264863257,21.83895,21.499744803589977,20.413444766027723,22.118874678042825,22.778571428571432,22.2
2026-09-21 22:00:00-04:00,22.8,21.624482630178218,21.264474999999997,21.280887015701968,19.737418872090508,21.389910739316456,22.392857142857146,21.7
2026-09-21 23:00:00-04:00,22.2,20.622296194682725,20.76655,21.03463853204969,19.42855953628203,21.174839446884103,22.02857142857143,21.1
2026-09-22 00:00:00-04:00,21.7,19.660259783975825,20.260525,20.959487103599983,19.12123223505936,21.05459001533424,21.721428571428568,20.0
2026-09-22 01:00:00-04:00,21.1,18.989596523875484,19.772675,20.665736334600467,18.910677111626935,20.85061948030048,21.07142857142857,19.4
2026-09-22 02:00:00-04:00,21.1,18.588751524102825,19.425699999999996,20.59735662582891,18.491174391820593,20.386066921580504,20.75,18.9
2026-09-22 03:00:00-04:00,20.6,18.44928368071653,19.033824999999997,20.573014704495492,17.89758973359555,20.285991628922137,20.142857142857142,17.8
2026-09-22 04:00:00-04:00,20.6,18.61330589296748,18.77585,20.573014704495492,17.337058521079292,20.200567964446257,19.964285714285715,17.2
2026-09-22 05:00:00-04:00,20.6,19.05256029842308,18.637550000000005,20.573014704495492,17.09847048149264,20.154681881736472,19.84285714285714,16.1
2026-09-22 06:00:00-04:00,20.6,19.728136682681548,18.7584,20.573014704495492,17.420308165109354,20.154681881736472,19.607142857142858,16.1
2026-09-22 07:00:00-04:00,21.1,20.6326419612111,19.4256,20.559606118035,18.38248016668695,19.581215358414507,20.050000000000004,17.2
2026-09-22 08:00:00-04:00,21.7,21.78093256625104,21.06035,21.97721132872314,19.873071624880332,22.235928268797743,21.99285714285714,20.6
2026-09-22 09:00:00-04:00,22.8,22.98382275068079,22.990025000000003,23.974998039108524,21.639991402286505,23.282350151635296,23.92142857142857,22.8
2026-09-22 10:00:00-04:00,22.8,24.1581056729257,24.603625,25.28006862596091,23.393650634836924,24.860002008503837,25.6,25.6
2026-09-22 11:00:00-04:00,25.6,25.25497939131143,25.933375,25.92985170200831,24.90426795135019,25.96489615516538,27.25714285714286,26.7
2026-09-22 12:00:00-04:00,25.6,26.15589940881061,26.76775,26.76001718006755,26.047461917330896,26.33507277335629,28.271428571428572,27.8
2026-09-22 13:00:00-04:00,26.7,26.827964948985112,27.323625,27.07916636934555,26.78673946068034,26.45143659842264,28.97142857142857,28.3
2026-09-22 14:00:00-04:00,28.3,27.186104185267254,27.42565,27.040574891864605,27.119587966106938,26.50663082114811,28.75714285714286,28.9
2026-09-22 15:00:00-04:00,27.8,27.332387276071792,27.608675,27.872374809966622,27.03245451317308,26.511725097242387,29.364285714285714,30.0
2026-09-22 16:00:00-04:00,27.2,27.12927495188231,27.356975,27.09103903153728,26.498713868960188,26.462697064977604,29.042857142857144,30.0
2026-09-22 17:00:00-04:00,23.3,26.639737147244475,26.780175000000003,27.00005225039769,25.52082011409787,26.0256079551155,28.37857142857143,29.4
2026-09-22 18:00:00-04:00,21.1,25.842444063767317,25.503125,26.51736145320027,24.184410622606556,24.05547574698856,26.735714285714288,28.3
2026-09-22 19:00:00-04:00,20.6,24.814831702796788,23.689175,24.250903891035787,22.679634494417048,23.207074866828084,24.492857142857147,25.6
2026-09-22 20:00:00-04:00,20.0,23.744722884906192,22.604550000000003,22.21835535371542,21.26204826829258,22.567253988190014,23.650000000000002,24.4
2026-09-22 21:00:00-04:00,19.4,22.64366577823317,21.857875,21.499744803589977,20.162484147204324,22.117548592716,23.214285714285715,22.2
2026-09-22 22:00:00-04:00,18.9,21.547558950712386,21.2401,21.280887015701968,19.490066516635405,21.42421049358486,22.78571428571428,21.7
2026-09-22 23:00:00-04:00,18.3,20.542153189158572,20.74425,21.22722808773119,19.18325541793063,21.15006086275214,22.428571428571423,21.1
2026-09-23 00:00:00-04:00,18.3,19.578775979683993,20.222,20.998523262170615,18.875861221130094,18.29649511257637,22.107142857142854,20.0
2026-09-23 01:00:00-04:00,17.8,18.91593757039272,19.72275,20.665736334600467,18.664549015542725,18.230247499649117,21.5,19.4
2026-09-23 02:00:00-04:00,17.2,18.512604531426664,19.329475,20.59735662582891,18.24431167531909,18.158015132101944,21.114285714285714,18.9
2026-09-23 03:00:00-04:00,16.7,18.372834183295993,18.925825,20.573014704495492,17.650572119486398,17.924671874119266,20.57857142857143,17.8
2026-09-23 04:00:00-04:00,16.1,18.54442968394768,18.678425,20.573014704495492,17.0904358487008,17.77920074409356,20.442857142857143,17.2
2026-09-23 05:00:00-04:00,16.1,18.98459474816896,18.561974999999997,20.573014704495492,16.85251369375778,17.728433015520682,20.314285714285713,16.1
2026-09-23 06:00:00-04:00,16.1,19.65301235898724,18.689075,20.573014704495492,17.175303040468616,17.720061988174045,20.035714285714285,16.1
2026-09-23 07:00:00-04:00,15.6,20.560425020493753,19.369625,20.559606118035,18.13933536145533,16.000739729424506,20.485714285714288,17.2
2026-09-23 08:00:00-04:00,15.6,21.68451853737146,21.0179,22.140664208633375,19.63372353868079,17.027173066804547,22.271428571428572,20.6
2026-09-23 09:00:00-04:00,16.1,22.87269850951105,23.004625,23.89098262219213,21.40714222926932,18.86691442611021,24.12142857142857,22.8
2026-09-23 10:00:00-04:00,16.1,24.038978716941507,24.56,25.43293190947879,23.16976032706867,20.51169522263631,25.67857142857143,25.6
2026-09-23 11:00:00-04:00,16.7,25.118906652768167,25.7688,25.68789006660996,24.690213958006325,21.112621714320653,27.17857142857143,26.7
2026-09-23 12:00:00-04:00,16.7,26.015963979993103,26.611199999999997,26.67196198582831,25.84158020384289,21.644732604531377,28.11428571428572,27.8
2026-09-23 13:00:00-04:00,17.2,26.68848803936661,27.155074999999997,27.07916636934555,26.584864197733225,22.064296854920595,28.814285714285717,28.3
2026-09-23 14:00:00-04:00,17.2,27.07249341279948,27.3359,27.07916636934555,26.916238741116707,22.301879317980273,28.87857142857143,28.9
2026-09-23 15:00:00-04:00,16.7,27.20672237410548,27.463675,27.872374809966622,26.82272302165184,22.337865435764353,29.32142857142857,30.0
2026-09-23 16:00:00-04:00,16.7,27.00505206268142,27.225150000000003,27.09103903153728,26.28000676751486,22.30888084992404,29.007142857142856,30.0
2026-09-23 17:00:00-04:00,16.1,26.510705054515892,26.6057,26.812939222631293,25.29364894150575,22.588604891674663,28.171428571428574,29.4
2026-09-23 18:00:00-04:00,16.1,25.722520448661022,25.359875,25.78161493862065,23.951876709905527,21.604346185248456,26.614285714285714,28.3
2026-09-23 19:00:00-04:00,16.1,24.712838008109145,23.655775,24.26772767145185,22.445895647481425,18.45713882585453,24.614285714285714,25.6
2026-09-23 20:00:00-04:00,16.1,23.658920328466568,22.618375,23.46230588624147,21.03053350649001,17.70839250394146,24.00714285714286,24.4
2026-09-23 21:00:00-04:00,16.1,22.55870716316781,21.858974999999997,21.53859874338497,19.934692464035574,17.834581041560646,23.65,22.2
2026-09-23 22:00:00-04:00,16.7,21.45541574743527,21.210975,21.280887015701968,19.265424363179857,18.330084513081,23.135714285714286,21.7
2026-09-23 23:00:00-04:00,16.7,20.447841515074124,20.70105,21.22722808773119,18.959930732869697,18.27477890157851,22.785714285714285,21.1
2026-09-24 00:00:00-04:00,16.1,19.477186986983902,20.168775,21.152076659281484,18.65159194893412,17.664962515534697,22.41428571428571,20.0
2026-09-24 01:00:00-04:00,16.1,18.814552256469582,19.666325,20.669371067368445,18.438536590651314,17.38221639697166,21.92857142857143,19.4
2026-09-24 02:00:00-04:00,16.1,18.410149528492504,19.212774999999997,20.59735662582891,18.016650268265273,16.958074539177566,21.507142857142856,18.9
2026-09-24 03:00:00-04:00,15.6,18.279646688229477,18.836475,20.573014704495492,17.422002245617893,16.907846119463244,21.1,17.8
2026-09-24 04:00:00-04:00,15.6,18.447009632177977,18.575075,20.573014704495492,16.861700801393575,16.800416999265202,20.964285714285715,17.2
2026-09-24 05:00:00-04:00,15.0,18.88797398924191,18.4523,20.573014704495492,16.624069859990307,16.770986908112885,20.835714285714282,16.1
2026-09-24 06:00:00-04:00,15.0,19.562977472587637,18.617425,20.573014704495492,16.94759908315028,16.75614317961682,20.635714285714286,16.1
2026-09-24 07:00:00-04:00,15.0,20.471629112375773,19.3577,20.559606118035,17.913421789333476,15.464858205611735,21.05,17.2
2026-09-24 08:00:00-04:00,15.0,21.583257864187317,21.035825,22.18489084342163,19.41165539095624,17.053059073036238,22.55,20.6
2026-09-24 09:00:00-04:00,15.0,22.74409077321832,22.850900000000003,23.902300148780604,21.19169801359655,19.176642858410972,23.96428571428571,22.8
2026-09-24 10:00:00-04:00,15.0,23.90084798806593,24.364325,25.275765610836128,22.963402422383812,21.451388130125192,25.435714285714283,25.6
2026-09-24 11:00:00-04:00,15.6,24.964639048908275,25.449175000000004,25.973433531325853,24.49372517002947,22.76320374060508,26.58571428571429,26.7
2026-09-24 12:00:00-04:00,16.1,25.858986292300877,26.299550000000004,26.11041368293387,25.65311382579336,23.387822867880416,27.62857142857143,27.8
2026-09-24 13:00:00-04:00,16.7,26.545010416245212,26.9072,27.00005225039769,26.400034782099222,23.82498701343047,28.457142857142856,28.3
2026-09-24 14:00:00-04:00,17.2,26.92497135600553,27.097,27.00005225039769,26.72938831359332,24.011570755349084,28.485714285714288,28.9
2026-09-24 15:00:00-04:00,17.8,27.06763633793262,27.28055,27.09103903153728,26.628880823369567,24.068174416236157,29.007142857142856,30.0
2026-09-24 16:00:00-04:00,17.8,26.874431139914932,27.016625,27.040574891864605,26.07666247865438,24.0168528253472,28.692857142857143,30.0
2026-09-24 17:00:00-04:00,16.7,26.383788436071455,26.451224999999997,26.42445501020478,25.08151112270373,23.857024489372822,27.971428571428575,29.4
2026-09-24 18:00:00-04:00,16.7,25.60177583207664,25.251775,25.927012113921773,23.73427494249114,22.013344582252525,26.57142857142857,28.3
2026-09-24 19:00:00-04:00,16.1,24.58763508718481,23.551675000000003,24.25134945236866,22.22714988571078,19.54010401732984,24.61428571428571,25.6
2026-09-24 20:00:00-04:00,16.1,23.541354135320663,22.54505,23.3902772038518,20.814101830751543,18.825849881632266,24.08571428571429,24.4
2026-09-24 21:00:00-04:00,15.6,22.430940090235627,21.747774999999997,22.1434277606832,19.72196340683559,18.784872577745315,23.692857142857143,22.2
2026-09-24 22:00:00-04:00,15.6,21.333390605656263,21.105324999999997,21.366590318317268,19.055628740003907,19.20111843488648,23.17857142857143,21.7
2026-09-24 23:00:00-04:00,15.6,20.335621571880885,20.6064,21.312931390346492,18.751041723299267,18.628608025089815,22.9,21.1
2026-09-25 00:00:00-04:00,15.0,19.37333371287716,20.060525,21.241870873414666,18.44127594354836,18.530588600137328,22.57142857142857,20.0
2026-09-25 01:00:00-04:00,14.4,18.718456471487332,19.55785,20.769061916442027,18.22594236656541,18.039368125928817,22.135714285714286,19.4
2026-09-25 02:00:00-04:00,13.9,18.31386562047962,19.143575,20.661646049099836,17.801949772248275,17.487970610258312,21.75,18.9
2026-09-25 03:00:00-04:00,12.8,18.190295806020018,18.782774999999997,20.591945234432544,17.2060478366118,17.28014162781369,21.42857142857143,17.8
2026-09-25 04:00:00-04:00,12.2,18.349216349715103,18.491675,20.591945234432544,16.64533087560723,17.098856891987722,21.207142857142856,17.2
2026-09-25 05:00:00-04:00,11.1,18.78787203948639,18.3645,20.591945234432544,16.407796268958244,17.062570044078644,21.07857142857143,16.1
2026-09-25 06:00:00-04:00,10.6,19.469002876160555,18.572650000000003,20.573014704495492,16.731896558734736,17.04772631558258,20.957142857142856,16.1
2026-09-25 07:00:00-04:00,11.1,20.375571596292804,19.344375,20.559606118035,17.699364318298656,15.65006146095934,21.32857142857143,17.2
2026-09-25 08:00:00-04:00,13.3,21.472818717553128,20.9327,22.17472377479307,19.201336482912915,17.925496865896935,22.628571428571433,20.6
2026-09-25 09:00:00-04:00,15.0,22.64966029131279,22.79015,23.89300798805809,20.98794080264888,20.719197065641207,24.085714285714285,22.8
2026-09-25 10:00:00-04:00,16.1,23.805188786904036,24.289900000000003,25.272934590849086,22.76868804014179,22.92444972020956,25.478571428571428,25.6
2026-09-25 11:00:00-04:00,18.3,24.854794872046632,25.302725,26.111485029847262,24.30879623194616,24.521214333881495,26.464285714285715,26.7
2026-09-25 12:00:00-04:00,19.4,25.76140320172844,26.1936,26.11041368293387,25.476017438300104,25.26083802202903,27.67142857142857,27.8
2026-09-25 13:00:00-04:00,21.1,26.437701298606136,26.776275,27.00005225039769,26.226246208529368,25.58214557673672,28.371428571428574,28.3
2026-09-25 14:00:00-04:00,21.7,26.837703526933115,27.024050000000003,27.00005225039769,26.55313998705052,25.68533258362087,28.52857142857143,28.9
2026-09-25 15:00:00-04:00,22.2,26.947802117468292,27.074675,27.040574891864605,26.445184182970088,25.70517130259508,28.728571428571428,30.0
2026-09-25 16:00:00-04:00,22.8,26.7475298145712,26.851025,27.00005225039769,25.8831077345184,25.65352078305815,28.42142857142857,30.0
2026-09-25 17:00:00-04:00,22.2,26.25420547538753,26.2208,26.083587122131338,24.878997691382057,25.33046870715813,27.65,29.4
2026-09-25 18:00:00-04:00,21.1,25.48399479418976,25.045475,26.082956368433052,23.526340032141785,22.744329683884388,26.33571428571429,28.3
2026-09-25 19:00:00-04:00,18.3,24.47438609495477,23.341975,24.20900546364624,22.018252511018954,20.030003338857952,24.335714285714282,25.6
2026-09-25 20:00:00-04:00,16.7,23.435675153477643,22.4161,23.1760739582266,20.60771471145577,19.18838264571103,23.971428571428568,24.4
2026-09-25 21:00:00-04:00,14.4,22.3169803721051,21.53885,21.501170269085268,19.519365804464783,19.07758736748654,23.335714285714282,22.2
2026-09-25 22:00:00-04:00,13.3,21.22185156503456,20.891975,21.28231248119726,18.855873386542207,19.517314440420204,22.89285714285714,21.7
2026-09-25 23:00:00-04:00,12.2,20.226191265686637,20.442925,21.228653553226483,18.551935461912137,19.13802851341702,22.7,21.1
2026-09-26 00:00:00-04:00,11.7,19.280295141640032,19.968824999999995,21.152076659281484,18.24044019739397,18.761266579029986,22.65,20.0
2026-09-26 01:00:00-04:00,10.6,18.63155163321097,19.509875,20.9070049263071,18.0224961741349,18.2711240278561,22.299999999999997,19.4
2026-09-26 02:00:00-04:00,10.0,18.229222429466738,19.075925,20.60099135859688,17.596144448885152,17.81571458445776,21.94285714285714,18.9
2026-09-26 03:00:00-04:00,9.4,18.11258564081055,18.69095,20.57664943726347,16.998827753151453,17.53223502258172,21.707142857142856,17.8
2026-09-26 04:00:00-04:00,11.1,18.270492953860774,18.3878,20.573014704495492,16.43759080615726,17.39469955043867,21.478571428571428,17.2
2026-09-26 05:00:00-04:00,9.4,18.709374391268828,18.268824999999996,20.573014704495492,16.200053166125567,17.34140176028036,21.307142857142857,16.1
2026-09-26 06:00:00-04:00,10.6,19.395954694067996,18.499025000000003,20.573014704495492,16.524598881396063,17.31722469845096,21.314285714285717,16.1
2026-09-26 07:00:00-04:00,13.3,20.289689426998297,19.30755,20.563240850802977,17.493564610114667,15.880309877372792,21.557142857142857,17.2
2026-09-26 08:00:00-04:00,15.6,21.381974431894907,20.883275,22.18631630891692,18.999136203909806,18.12662187178372,22.74285714285714,20.6
2026-09-26 09:00:00-04:00,18.9,22.547475617847244,22.67725,23.93386599954794,20.79219500182784,20.91747763551669,24.085714285714282,22.8
2026-09-26 10:00:00-04:00,21.1,23.693265632244135,24.1021,25.223484962081137,22.581901424479497,22.827444707949535,25.32142857142857,25.6
2026-09-26 11:00:00-04:00,22.8,24.74487542260955,25.14335,26.04205014679294,24.131690276301914,24.32161645982706,26.32857142857143,26.7
2026-09-26 12:00:00-04:00,23.3,25.64582427067102,25.975975,25.711719972442552,25.30656102225368,25.227893742632155,27.357142857142858,27.8
2026-09-26 13:00:00-04:00,25.0,26.315469777629858,26.601525,26.592161241933955,26.059805972877673,25.571472531210834,28.064285714285713,28.3
2026-09-26 14:00:00-04:00,25.6,26.6909982278218,26.830125,26.906013284333184,26.383866163844697,25.68365673074218,28.17857142857143,28.9
2026-09-26 15:00:00-04:00,26.7,26.81485715355208,26.8768,26.993572357890837,26.26808982619906,25.68702059559125,28.32857142857143,30.0
2026-09-26 16:00:00-04:00,26.7,26.61545788481454,26.6228,26.762690560041577,25.695892529214653,25.641254830313393,28.021428571428572,30.0
2026-09-26 17:00:00-04:00,26.1,26.11397029267571,25.9084,25.679972884913493,24.68275065084984,25.23445722160406,27.099999999999998,29.4
2026-09-26 18:00:00-04:00,24.4,25.35124433293651,24.7644,25.66248092715892,23.32479749204336,22.74826280620546,25.907142857142855,28.3
2026-09-26 19:00:00-04:00,21.7,24.354475781226743,23.171075,23.612736610863795,21.81600160928434,20.031892593081555,24.214285714285715,25.6
2026-09-26 20:00:00-04:00,20.0,23.3238607310202,22.35425,23.128467653762357,20.408234553628542,19.062787835657417,24.007142857142856,24.4
2026-09-26 21:00:00-04:00,16.1,22.218684847978523,21.548575,21.501170269085268,19.323824523945422,19.049350863540827,23.535714285714285,22.2
2026-09-26 22:00:00-04:00,16.1,21.1222717698016,20.828825,21.280887015701968,18.663151170903554,19.61088730452052,22.971428571428568,21.7
2026-09-26 23:00:00-04:00,14.4,20.124943065758337,20.345275,21.22722808773119,18.359683696902927,19.252937148566108,22.735714285714284,21.1
2026-09-27 00:00:00-04:00,14.4,19.176470520188488,19.828800000000005,21.152076659281484,18.046244341642623,18.86869156807328,22.607142857142858,20.0
2026-09-27 01:00:00-04:00,13.9,18.5429816764702,19.438975,20.9070049263071,17.825456607647396,18.39140751784293,22.457142857142856,19.4
2026-09-27 02:00:00-04:00,12.8,18.14424476683184,19.0313,20.69516583065729,17.39659199497715,17.93817759819716,22.142857142857142,18.9
2026-09-27 03:00:00-04:00,13.9,18.02760797817566,18.636625,20.57664943726347,16.79778986631927,17.654698036321125,21.90714285714286,17.8
2026-09-27 04:00:00-04:00,13.9,18.19717766183078,18.366949999999996,20.57664943726347,16.23600207683666,17.600004727749273,21.835714285714285,17.2
2026-09-27 05:00:00-04:00,13.3,18.63779486561873,18.23325,20.57664943726347,15.998414838321422,17.546706937590958,21.7,16.1
2026-09-27 06:00:00-04:00,13.3,19.318474207019374,18.50275,20.57664943726347,16.323312144294192,17.52252987576156,21.66428571428571,16.1
2026-09-27 07:00:00-04:00,13.9,20.20966750109479,19.319075,20.563240850802977,17.293642899856607,16.23672001905234,21.864285714285714,17.2
2026-09-27 08:00:00-04:00,16.7,21.283660258620618,20.81735,22.18489084342163,18.80267686052848,18.2231259730134,22.814285714285717,20.6
2026-09-27 09:00:00-04:00,20.0,22.431260354716596,22.5325,23.91975950812584,20.60207941465545,20.65585650833006,23.928571428571423,22.8
2026-09-27 10:00:00-04:00,21.7,23.56135537467059,23.900425,24.495296213508436,22.400658642609873,22.766625255045707,24.92142857142857,25.6
2026-09-27 11:00:00-04:00,22.8,24.59698796459019,24.82535,25.11546491832503,23.960026898515068,24.434862233074828,25.700000000000003,26.7
2026-09-27 12:00:00-04:00,25.0,25.495602330587445,25.7109,25.74789802036404,25.142378120291653,25.35074875994028,26.68571428571429,27.8
2026-09-27 13:00:00-04:00,25.6,26.15411134782496,26.24005,25.48765880854582,25.898374304616173,25.769935754494863,27.228571428571428,28.3
2026-09-27 14:00:00-04:00,26.1,26.5460596996924,26.518324999999997,26.02017347850191,26.219266528123015,25.830910327630853,27.50714285714286,28.9
2026-09-27 15:00:00-04:00,25.0,26.65727340554452,26.5854,26.045395052298804,26.095347224572564,25.81604050103015,27.57142857142857,30.0
2026-09-27 16:00:00-04:00,26.1,26.459701571747665,26.3215,25.4608063010694,25.512821989028087,25.660499273821497,27.349999999999994,30.0
2026-09-27 17:00:00-04:00,25.0,25.964347712569605,25.616949999999996,25.82314818741868,24.49063130925127,24.804426417014746,26.514285714285712,29.4
2026-09-27 18:00:00-04:00,23.3,25.204200816291415,24.449699999999996,25.0379677581896,23.127560744776044,22.314928522685943,25.357142857142854,28.3
2026-09-27 19:00:00-04:00,21.7,24.242425713114713,23.0628,23.27840639026956,21.618356299665052,20.208449144229206,24.064285714285717,25.6
2026-09-27 20:00:00-04:00,21.1,23.213520614516504,22.204775,22.99531254735498,20.213660365648217,19.674989613144696,23.849999999999998,24.4
2026-09-27 21:00:00-04:00,21.1,22.114997965686836,21.448925,21.499744803589977,19.13337577930517,19.4803118730719,23.450000000000003,22.2
2026-09-27 22:00:00-04:00,20.6,21.01396755292462,20.710524999999997,21.280887015701968,18.47553698209726,19.67692257071566,22.885714285714286,21.7
2026-09-27 23:00:00-04:00,19.4,20.00979749163871,20.2419,21.22722808773119,18.172404741489537,19.289414443271653,22.614285714285714,21.1
2026-09-28 00:00:00-04:00,17.8,19.05023331428608,19.70425,21.152076659281484,17.85685291251612,19.319229480436665,22.33571428571429,20.0
2026-09-28 01:00:00-04:00,16.1,18.408760589513378,19.25245,20.708407225939077,17.63304127203397,18.939145352494275,22.1,19.4
2026-09-28 02:00:00-04:00,14.4,18.012602743336032,18.846224999999997,20.60099135859688,17.201562785326725,18.56640672351878,21.82142857142857,18.9
2026-09-28 03:00:00-04:00,14.4,17.894230188299947,18.495300000000004,20.57664943726347,16.601252503194754,18.31624861880182,21.549999999999997,17.8
2026-09-28 04:00:00-04:00,13.9,18.071026007079816,18.223175,20.573014704495492,16.038922697871406,18.21675384581382,21.514285714285712,17.2
2026-09-28 05:00:00-04:00,13.3,18.51100294827046,18.122349999999997,20.573014704495492,15.801269218235513,18.15326387061332,21.42142857142857,16.1
2026-09-28 06:00:00-04:00,13.3,19.19591484637429,18.397375,20.573014704495492,16.126444917941946,18.093192385714215,21.385714285714286,16.1
2026-09-28 07:00:00-04:00,14.4,20.08884390682961,19.184675,20.563240850802977,17.098020904553177,16.713909135966343,21.621428571428574,17.2
2026-09-28 08:00:00-04:00,17.2,21.151333323995885,20.551875,22.18489084342163,18.610388129750067,18.315544302905735,22.457142857142856,20.6
2026-09-28 09:00:00-04:00,20.6,22.277112360906848,22.140425,23.18676912786172,20.416028799663145,20.183524162620692,23.40714285714285,22.8
2026-09-28 10:00:00-04:00,22.8,23.398414768626782,23.460475,23.484418024308248,22.223398902577102,22.43842173988052,24.25714285714286,25.6
2026-09-28 11:00:00-04:00,23.9,24.434725890042976,24.52205,24.05607917392227,23.792251476299136,24.322908822886117,25.064285714285717,26.7
2026-09-28 12:00:00-04:00,24.4,25.324219324290222,25.39035,24.32016977770448,24.98192447704509,25.16851460153576,25.935714285714283,27.8
2026-09-28 13:00:00-04:00,25.6,25.978078168245393,25.846925,24.21463549103665,25.74042372193663,25.579192970099076,26.35,28.3
2026-09-28 14:00:00-04:00,26.7,26.36733243064492,26.070949999999996,23.995927657710748,26.057837980817272,25.639872383998732,26.55,28.9
2026-09-28 15:00:00-04:00,26.7,26.47442731721444,26.0756,24.056290463304144,25.925484768170964,25.64482790392745,26.5,30.0
2026-09-28 16:00:00-04:00,25.6,26.296868585715114,25.943425,24.18778298356023,25.332460718252012,25.463018595095978,26.471428571428568,30.0
2026-09-28 17:00:00-04:00,25.6,25.79364522719638,25.10195,23.93778995459376,24.30124157280399,24.544918297297045,25.514285714285716,29.4
2026-09-28 18:00:00-04:00,24.4,25.031762564538287,23.872675000000005,23.14373133391631,22.933266461542164,21.955608902596232,24.32142857142857,28.3
2026-09-28 19:00:00-04:00,22.8,24.064497092616737,22.436525000000003,22.377941691533906,21.423983246242344,20.04750273784017,23.028571428571425,25.6
2026-09-28 20:00:00-04:00,21.7,23.04387600831975,21.700225,22.047170175110026,20.02268401102252,19.548721923422505,22.93571428571429,24.4
2026-09-28 21:00:00-04:00,21.7,21.935333578808955,20.94995,21.499744803589977,18.94673387746569,19.521783608927727,22.37857142857143,22.2
2026-09-28 22:00:00-04:00,21.1,20.834462196292083,20.3389,21.088297460020467,18.291767827234317,19.96010571555999,21.857142857142858,21.7
2026-09-28 23:00:00-04:00,19.4,19.82928980767972,19.867849999999997,21.03463853204969,17.988861054364467,19.73008774826807,21.542857142857137,21.1
2026-09-29 00:00:00-04:00,20.0,18.86400675896303,19.3459,20.95585237083201,17.67105454012201,19.51594938904399,21.22142857142857,20.0
2026-09-29 01:00:00-04:00,20.6,18.22162337542465,18.98575,20.665736334600467,17.444070305954018,19.211642394166905,20.992857142857147,19.4
2026-09-29 02:00:00-04:00,20.6,17.834134321430636,18.626975,20.59735662582891,17.009908042446707,19.01641334516567,20.83571428571429,18.9
2026-09-29 03:00:00-04:00,20.0,17.710226749118096,18.292,20.573014704495492,16.408094707532584,18.833823889557305,20.485714285714288,17.8
2026-09-29 04:00:00-04:00,20.0,17.884047823236436,18.062099999999997,20.573014704495492,15.845254400706455,18.80406613471081,20.450000000000003,17.2
2026-09-29 05:00:00-04:00,20.0,18.328942232259184,17.95935,20.573014704495492,15.6075351522995,18.73521718821845,20.392857142857146,16.1
2026-09-29 06:00:00-04:00,18.3,19.01252895663679,18.25405,20.573014704495492,15.932928314181217,18.73521718821845,20.364285714285714,16.1
2026-09-29 07:00:00-04:00,18.9,19.909960969963663,18.909075,20.559606118035,16.905638343279293,17.177437585835495,20.635714285714286,17.2
2026-09-29 08:00:00-04:00,20.6,20.97169264120028,20.028225000000003,21.973576595955173,18.421215725419625,18.283222000202063,21.42142857142857,20.6
2026-09-29 09:00:00-04:00,22.8,22.11762433260093,21.5826,23.18676912786172,20.232992996456325,19.873782842014595,22.492857142857144,22.8
2026-09-29 10:00:00-04:00,25.0,23.249079736475764,23.0234,23.455061475081955,22.049075065888218,21.943854733881548,23.5,25.6
2026-09-29 11:00:00-04:00,26.7,24.27616644774662,24.07145,24.19115346756486,23.62732005169925,23.29018500255722,24.192857142857143,26.7
2026-09-29 12:00:00-04:00,25.6,25.15659778010759,24.92685,24.438573598429617,24.82416140577067,23.87980137709719,24.87142857142857,27.8
2026-09-29 13:00:00-04:00,26.1,25.819351808176,25.42325,23.95625842041295,25.58492509733801,24.072205348521596,25.442857142857143,28.3
2026-09-29 14:00:00-04:00,26.7,26.22745238509902,25.7324,24.01479832895894,25.898566832806548,24.118002688209877,25.807142857142857,28.9
2026-09-29 15:00:00-04:00,26.1,26.307302561130086,25.645575000000004,24.056379649672945,25.75751018675736,24.12595064354482,25.50714285714286,30.0
2026-09-29 16:00:00-04:00,26.1,26.128504207055983,25.478975,23.785197164318127,25.153842106981177,24.087705982684223,25.435714285714283,30.0
2026-09-29 17:00:00-04:00,26.7,25.626294723475265,24.60595,23.02056400676349,24.11364164031242,23.579247661859977,24.564285714285717,29.4
2026-09-29 18:00:00-04:00,24.4,24.853367239656627,23.2424,22.883808993246006,22.74099953248129,21.026162276644044,23.25714285714286,28.3
2026-09-29 19:00:00-04:00,21.7,23.88577344821913,21.899300000000004,22.200785164992052,21.231987808248014,19.883947539876303,21.99285714285714,25.6
2026-09-29 20:00:00-04:00,21.7,22.86382719019592,21.194275,21.777157925629716,19.83442697515309,19.54564629697462,21.90714285714286,24.4
2026-09-29 21:00:00-04:00,21.1,21.75044103416991,20.472625,21.3035205151405,18.763033841788207,19.60842013532968,21.314285714285717,22.2
2026-09-29 22:00:00-04:00,21.1,20.65278962200452,19.9754,21.084662727252496,18.11099232327557,20.008459733448003,20.864285714285714,21.7
2026-09-29 23:00:00-04:00,20.0,19.64440971716839,19.567025,21.031003799281716,17.808217077541048,19.852087569468782,20.50714285714286,21.1
2026-09-30 00:00:00-04:00,18.9,18.683561811138613,19.1121,20.95585237083201,17.488029613212685,19.689555680774927,20.235714285714284,20.0
2026-09-30 01:00:00-04:00,18.3,18.02949024222377,18.694425000000003,20.665736334600467,17.257744829069782,19.45710171592417,19.807142857142857,19.4
2026-09-30 02:00:00-04:00,17.2,17.638061740847895,18.32795,20.487049716901858,16.820849144181583,19.228586474554422,19.6,18.9
2026-09-30 03:00:00-04:00,16.7,17.51601134055448,18.041199999999996,20.095432296969584,16.21755543419075,18.935143665475508,19.33571428571429,17.8
2026-09-30 04:00:00-04:00,16.1,17.68475591659537,17.823800000000002,20.095432296969584,15.654249790928256,18.856915709262267,19.22142857142857,17.2
2026-09-30 05:00:00-04:00,16.1,18.125147372746564,17.734574999999996,20.095432296969584,15.416474956944962,18.7880667627699,19.128571428571426,16.1
2026-09-30 06:00:00-04:00,16.1,18.81403634283838,17.966175,20.127163814479314,15.742031236291592,18.7880667627699,19.135714285714286,16.1
2026-09-30 07:00:00-04:00,16.7,19.715060650271138,18.595,20.11375522801882,16.71576851509945,17.26039506216433,19.45,17.2
2026-09-30 08:00:00-04:00,18.3,20.789616913286658,19.7322,21.973576595955173,18.234435684894027,18.25486157783032,20.385714285714286,20.6
2026-09-30 09:00:00-04:00,22.2,21.94527463175394,21.202875,23.06270688590582,20.05224926833947,19.797183311944657,21.585714285714285,22.8
2026-09-30 10:00:00-04:00,,23.08884454580035,22.641425,23.422255126518102,21.876964356960247,21.79159406308119,22.74285714285714,25.6
2026-09-30 11:00:00-04:00,,24.12427082322244,23.76425,24.816399468628227,23.46450947569629,22.76710242840022,23.6,26.7
2026-09-30 12:00:00-04:00,,25.00393259981919,24.618074999999997,24.438573598429617,24.66836685233722,23.142624260438517,24.27857142857143,27.8
2026-09-30 13:00:00-04:00,,25.66693883458909,25.218,24.54011598335708,25.43116115930253,23.266352657733155,24.92857142857143,28.3
2026-09-30 14:00:00-04:00,,26.062526762814574,25.456875,23.961645034755612,25.74074597072919,23.462721205044232,25.128571428571426,28.9
2026-09-30 15:00:00-04:00,,26.16120506390225,25.43025,23.91873671727283,25.59073211614967,23.487379680878036,25.035714285714285,30.0
2026-09-30 16:00:00-04:00,,25.98482738733697,25.229125,23.530518170578457,24.976294505410618,23.503033999080735,25.03571428571429,30.0
2026-09-30 17:00:00-04:00,,25.4827769340016,24.386650000000003,22.96127792327086,23.927180570450407,23.128753116214625,24.207142857142863,29.4
2026-09-30 18:00:00-04:00,,24.70667102674448,22.9758,22.883808993246006,22.550127592379155,20.879910887392494,22.778571428571432,28.3
2026-09-30 19:00:00-04:00,,23.723344616257965,21.631125,22.19715043222407,21.04175209941449,19.66301291188644,21.27857142857143,25.6
2026-09-30 20:00:00-04:00,,22.69503823334407,20.86005,21.77352319286174,19.64828173111931,19.263933066958092,21.07142857142857,24.4
2026-09-30 21:00:00-04:00,,21.580740774259233,20.1673,21.3035205151405,18.58167615149482,19.446880114723815,20.40714285714286,22.2
2026-09-30 22:00:00-04:00,,20.487939468241375,19.7036,21.084662727252496,17.93261915802366,20.009664129228533,20.0,21.7
2026-09-30 23:00:00-04:00,,19.478002524632927,19.295675,20.582874318483608,17.629891935725905,19.88247399477976,19.59285714285714,21.1
